utc,irradiance,qualityflags,irradiancetype
2021-05-09 00:07:09.589416,58.15764175146481,65618,0
2021-05-09 00:07:59.588492,59.60295026849341,65618,0
2021-05-09 00:08:49.587573,62.022080253087026,65618,0
2021-05-09 00:09:39.586312,64.51720033495721,65618,0
2021-05-09 00:10:29.585654,59.08419158246739,65618,0
2021-05-09 00:11:19.584701,46.03491157322582,65618,0
2021-05-09 00:12:09.583761,40.99377963842692,65618,0
2021-05-09 00:12:59.582821,48.050629601124875,65618,0
2021-05-09 00:13:49.581903,51.28831226682322,65618,0
2021-05-09 00:14:39.580989,43.480300027744825,65618,0
2021-05-09 00:15:29.580073,35.030142778769324,65554,0
2021-05-09 00:16:19.579159,49.09456832730063,65554,0
2021-05-09 00:17:09.578236,135.81401459497718,65554,0
2021-05-09 00:17:59.577309,361.16828961193636,65554,0
2021-05-09 00:18:49.576405,729.1239232419504,65554,0
2021-05-09 00:19:39.575470,1100.6448933422835,65554,0
2021-05-09 00:20:29.574518,1308.9668280611622,65554,0
2021-05-09 00:21:19.573580,1360.1137137269263,65552,0
2021-05-09 00:22:09.589552,1361.7484636964048,65552,0
2021-05-09 00:22:59.588626,1361.7519037179668,65536,0
2021-05-09 00:23:49.587730,1361.7642633653513,65536,0
2021-05-09 00:24:39.586791,1361.7708809231028,65536,0
2021-05-09 00:25:29.585871,1361.7613675623434,65536,0
2021-05-09 00:26:19.584959,1361.7355042054294,65536,0
2021-05-09 00:27:09.584060,1361.700506585668,0,1
2021-05-09 00:27:59.583152,1361.6676769370738,0,1
2021-05-09 00:28:49.582228,1361.6494772522856,0,1
2021-05-09 00:29:39.581304,1361.6435611314466,0,1
2021-05-09 00:30:29.580386,1361.6369891723168,0,1
2021-05-09 00:31:19.579480,1361.6303895540343,0,1
2021-05-09 00:32:09.578570,1361.6348811436176,0,1
2021-05-09 00:32:59.577655,1361.6548800596656,0,1
2021-05-09 00:33:49.576737,1361.693047377504,0,1
2021-05-09 00:34:39.575816,1361.7447445719376,0,1
2021-05-09 00:35:29.574895,1361.7885717278214,0,1
2021-05-09 00:36:19.573981,1361.805272793334,0,1
2021-05-09 00:37:09.573054,1361.7881436999662,0,1
2021-05-09 00:37:59.588721,1361.7460023853055,0,1
2021-05-09 00:38:49.587809,1361.701991921588,0,1
2021-05-09 00:39:39.586893,1361.6774197501932,0,1
2021-05-09 00:40:29.585985,1361.6827634953142,0,1
2021-05-09 00:41:19.585073,1361.704002637987,0,1
2021-05-09 00:42:09.584147,1361.7097676468936,0,1
2021-05-09 00:42:59.583226,1361.6955476428097,0,1
2021-05-09 00:43:49.582313,1361.6846522018907,0,1
2021-05-09 00:44:39.581383,1361.6834676777084,0,1
2021-05-09 00:45:29.580489,1361.6787488583752,0,1
2021-05-09 00:46:19.579573,1361.6682172389983,0,1
2021-05-09 00:47:09.578666,1361.659910881425,0,1
2021-05-09 00:47:59.577741,1361.6584076952083,0,1
2021-05-09 00:48:49.576829,1361.6661218212735,0,1
2021-05-09 00:49:39.575914,1361.6789926189285,0,1
2021-05-09 00:50:29.575007,1361.6860081843492,0,1
2021-05-09 00:51:19.574101,1361.680724040377,0,1
2021-05-09 00:52:09.573173,1361.6622727393033,0,1
2021-05-09 00:52:59.572266,1361.636005321601,65536,0
2021-05-09 00:53:49.588138,1361.6124618780402,65536,0
2021-05-09 00:54:39.587245,1361.5994242612642,65536,0
2021-05-09 00:55:29.586283,1361.603762401571,65600,0
2021-05-09 00:56:19.585398,1361.6337605144874,65600,0
2021-05-09 00:57:09.584491,1356.7013173197768,65616,0
2021-05-09 00:57:59.583584,1265.783053341759,65618,0
2021-05-09 00:58:49.582680,944.3941839473449,65618,0
2021-05-09 00:59:39.581785,469.23810079461373,65618,0
2021-05-09 01:00:29.580857,137.2750759531856,65618,0
2021-05-09 01:01:19.579970,38.131801301082774,65618,0
2021-05-09 01:02:09.579065,31.460826793389845,65618,0
2021-05-09 01:09:39.587624,-0.024309204400110328,268533840,3
2021-05-09 01:10:29.586730,-0.02426291117505753,2416017424,2
2021-05-09 01:11:19.587433,-0.02091799043765888,2416017424,2
2021-05-09 01:12:09.589678,-0.015923246290090044,2416017424,2
2021-05-09 01:12:59.584101,-0.012844102694065903,2416017424,2
2021-05-09 01:13:49.583220,-0.013264638380338591,2416017424,2
2021-05-09 01:14:39.582336,-0.013551456253449553,2416017424,2
2021-05-09 01:15:29.581452,-0.011129863441804038,2416017424,2
2021-05-09 01:16:19.580583,-0.008584728197497052,2416017424,2
2021-05-09 01:17:09.579682,-0.008400560451653783,2416017424,2
2021-05-09 01:17:59.578788,-0.009397805481459662,2416017424,2
2021-05-09 01:18:49.577928,-0.010153375072223953,2416017424,2
2021-05-09 01:19:39.577019,-0.01186906914845949,2416017424,2
2021-05-09 01:20:29.576133,-0.01554861627672425,2416017424,2
2021-05-09 01:21:19.575245,-0.01831925957191174,2416017424,2
2021-05-09 01:22:09.574353,-0.017496506110159054,2416017424,2
2021-05-09 01:22:59.573455,-0.015429288155625833,2416017424,2
2021-05-09 01:23:49.572567,-0.014566110483824675,2416017424,2
2021-05-09 01:24:39.588255,-0.013987038182767727,2416017424,2
2021-05-09 01:25:29.587344,-0.013626791914890647,2416017424,2
2021-05-09 01:26:19.586504,-0.01468157550349374,2416017424,2
2021-05-09 01:27:09.585541,-0.016122714884425543,2416017424,2
2021-05-09 01:27:59.584655,-0.015250973595243885,2416017424,2
2021-05-09 01:28:49.583813,-0.012604767160683287,2416017424,2
2021-05-09 01:29:39.582841,-0.012235143433349435,2416017424,2
2021-05-09 01:30:29.582042,-0.013771477720582738,268533840,3
2021-05-09 01:31:19.581204,0.0012172659110582125,268533840,3
2021-05-09 01:32:09.580220,0.07216982672531536,268533840,3
2021-05-09 01:39:39.572013,38.367888750091815,65618,0
2021-05-09 01:40:29.587667,33.867978065861934,65618,0
2021-05-09 01:41:19.586745,35.57826422312342,65618,0
2021-05-09 01:42:09.585828,44.8031250593117,65618,0
2021-05-09 01:42:59.584909,54.80951299466616,65618,0
2021-05-09 01:43:49.583986,52.79777673828143,65618,0
2021-05-09 01:44:39.583084,45.93433841517968,65618,0
2021-05-09 01:45:29.582162,57.24138435399154,65618,0
2021-05-09 01:46:19.581259,80.9776770157138,65618,0
2021-05-09 01:47:09.580333,83.42547680822993,65618,0
2021-05-09 01:47:59.579420,60.10492249412081,65618,0
2021-05-09 01:48:49.578507,42.13482989490622,65554,0
2021-05-09 01:49:39.577591,99.20763825757417,65554,0
2021-05-09 01:50:29.576669,340.84867591212003,65554,0
2021-05-09 01:51:19.575752,742.2717178605636,65554,0
2021-05-09 01:52:09.574938,1097.8435728122213,65554,0
2021-05-09 01:52:59.574004,1285.0292430004067,65554,0
2021-05-09 01:53:49.573070,1348.9234704697813,65554,0
2021-05-09 01:54:39.572176,1361.464507808597,65554,0
2021-05-09 01:55:29.571251,1361.6602385892463,65536,0
2021-05-09 01:56:19.570326,1361.6489195383865,65536,0
2021-05-09 01:57:09.569406,1361.6448142478307,65536,0
2021-05-09 01:57:59.568496,1361.6507961830073,65536,0
2021-05-09 01:58:49.567558,1361.66111515904,65536,0
2021-05-09 01:59:39.566642,1361.6708294497373,0,1
2021-05-09 02:00:29.565706,1361.6812795437127,0,1
2021-05-09 02:01:19.564806,1361.693450480272,0,1
2021-05-09 02:02:09.563867,1361.702894311438,0,1
2021-05-09 02:02:59.562955,1361.7092280341926,0,1
2021-05-09 02:03:49.562026,1361.7216860226488,0,1
2021-05-09 02:04:39.561110,1361.7423622570577,0,1
2021-05-09 02:05:29.560176,1361.75993621091,0,1
2021-05-09 02:06:19.559262,1361.765704934316,0,1
2021-05-09 02:07:09.558341,1361.7591991786608,0,1
2021-05-09 02:07:59.574047,1361.7423295742412,0,1
2021-05-09 02:08:49.573136,1361.7184678107358,0,1
2021-05-09 02:09:39.572218,1361.6908955191323,0,1
2021-05-09 02:10:29.571299,1361.6608431005718,0,1
2021-05-09 02:11:19.570387,1361.6343586133548,0,1
2021-05-09 02:12:09.569459,1361.6230802957186,0,1
2021-05-09 02:12:59.568530,1361.627200825762,0,1
2021-05-09 02:13:49.567614,1361.6353531605957,0,1
2021-05-09 02:14:39.566804,1361.6447458301914,0,1
2021-05-09 02:15:29.565880,1361.6611318189034,0,1
2021-05-09 02:16:19.564969,1361.6841052627158,0,1
2021-05-09 02:17:09.564051,1361.7074420218298,0,1
2021-05-09 02:17:59.563136,1361.7267170717366,0,1
2021-05-09 02:18:49.562229,1361.7388518317814,0,1
2021-05-09 02:19:39.561319,1361.7458510048743,0,1
2021-05-09 02:20:29.560408,1361.7561247415606,0,1
2021-05-09 02:21:19.559498,1361.7671385722183,0,1
2021-05-09 02:22:09.558570,1361.7646559445236,0,1
2021-05-09 02:22:59.557656,1361.751156311336,0,1
2021-05-09 02:23:49.556751,1361.7445696349344,0,1
2021-05-09 02:24:39.555848,1361.7519710603337,0,1
2021-05-09 02:25:29.554930,1361.7702351988544,65536,0
2021-05-09 02:26:19.554018,1361.7881350934235,65536,0
2021-05-09 02:27:09.553110,1361.7885604894914,65536,0
2021-05-09 02:27:59.552191,1361.7769462773972,65600,0
2021-05-09 02:28:49.551299,1361.779056135371,65600,0
2021-05-09 02:29:39.550385,1361.8429941165575,65616,0
2021-05-09 02:30:29.549479,1356.7008904793145,65618,0
2021-05-09 02:31:19.548561,1263.1971822425865,65618,0
2021-05-09 02:32:09.547653,935.5501694871596,65618,0
2021-05-09 02:32:59.546747,456.242731389792,65618,0
2021-05-09 02:33:49.545840,127.76601046202309,65618,0
2021-05-09 02:34:39.544954,34.864214195227895,65618,0
2021-05-09 02:35:29.544045,31.072382887220844,65618,0
2021-05-09 02:42:59.536022,-0.008744065107776701,268533776,2
2021-05-09 02:43:49.535155,-0.007078676317874573,2416017424,2
2021-05-09 02:44:39.534284,-0.005968051565093044,2416017424,2
2021-05-09 02:45:29.533382,-0.006635020051602727,2416017424,2
2021-05-09 02:46:19.548999,-0.008796794267992264,2416017424,2
2021-05-09 02:47:09.548112,-0.008899951294523208,2416017424,2
2021-05-09 02:47:59.547240,-0.006619867582029833,2416017424,2
2021-05-09 02:48:49.546351,-0.005761153250140839,2416017424,2
2021-05-09 02:49:39.545463,-0.008205626197080868,2416017424,2
2021-05-09 02:50:29.544565,-0.01289189598825733,2416017424,2
2021-05-09 02:51:19.543691,-0.017145319437505607,2416017424,2
2021-05-09 02:52:09.542792,-0.018231049513664627,2416017424,2
2021-05-09 02:52:59.541923,-0.01519753133818689,2416017424,2
2021-05-09 02:53:49.541026,-0.009629413495085662,2416017424,2
2021-05-09 02:54:39.540139,-0.0063339588061420635,2416017424,2
2021-05-09 02:55:29.539254,-0.008635430217901318,2416017424,2
2021-05-09 02:56:19.538356,-0.013139293147271656,2416017424,2
2021-05-09 02:57:09.537460,-0.015071260528841373,2416017424,2
2021-05-09 02:57:59.536583,-0.014365863150151212,2416017424,2
2021-05-09 02:58:49.535681,-0.013527886422305825,2416017424,2
2021-05-09 02:59:39.534777,-0.014029650789451932,2416017424,2
2021-05-09 03:00:29.533874,-0.015182556045190997,2416017424,2
2021-05-09 03:01:19.532978,-0.015251680724250304,2416017424,2
2021-05-09 03:02:09.532087,-0.013791054832410589,2416017424,2
2021-05-09 03:02:59.531174,-0.011851721277558862,268533776,2
2021-05-09 03:03:49.530266,-0.008042226536550671,268533840,3
2021-05-09 03:04:39.529360,0.04898855267462708,268533840,3
2021-05-09 03:05:29.528448,0.2554870781261103,268533840,3
2021-05-09 03:12:59.520403,30.379928610782034,65618,0
2021-05-09 03:13:49.519483,30.82004323282584,65618,0
2021-05-09 03:14:39.518553,31.429427746174397,65618,0
2021-05-09 03:15:29.517634,32.43351754108108,65618,0
2021-05-09 03:16:19.516724,32.91574275906429,65618,0
2021-05-09 03:17:09.515818,32.062934263298025,65618,0
2021-05-09 03:17:59.514743,35.66754519402147,65618,0
2021-05-09 03:18:49.513838,52.067543254732215,65618,0
2021-05-09 03:19:39.512922,71.19327993188143,65618,0
2021-05-09 03:20:29.512010,71.00063297895655,65618,0
2021-05-09 03:21:19.527730,54.60810831642627,65554,0
2021-05-09 03:22:09.526812,50.24740826559778,65554,0
2021-05-09 03:22:59.525910,138.31079640696396,65554,0
2021-05-09 03:23:49.524977,440.63028453110473,65554,0
2021-05-09 03:24:39.524084,888.4000860585753,65554,0
2021-05-09 03:25:29.523160,1217.9770656906549,65554,0
2021-05-09 03:26:19.522247,1337.1615334406176,65554,0
2021-05-09 03:27:09.521308,1358.6045831550225,65554,0
2021-05-09 03:27:59.520364,1361.739604537932,65552,0
2021-05-09 03:28:49.519455,1361.734419807827,65536,0
2021-05-09 03:29:39.518549,1361.7010551235535,65536,0
2021-05-09 03:30:29.517624,1361.6558881696678,65536,0
2021-05-09 03:31:19.516712,1361.6136093165458,65536,0
2021-05-09 03:32:09.515786,1361.595555705164,65536,0
2021-05-09 03:32:59.514891,1361.6038336434135,0,1
2021-05-09 03:33:49.513951,1361.62143458931,0,1
2021-05-09 03:34:39.513051,1361.6383096029333,0,1
2021-05-09 03:35:29.512143,1361.6512323007435,0,1
2021-05-09 03:36:19.511216,1361.6554423932519,0,1
2021-05-09 03:37:09.510295,1361.6500375509588,0,1
2021-05-09 03:37:59.509388,1361.6392526907168,0,1
2021-05-09 03:38:49.508468,1361.6249315099312,0,1
2021-05-09 03:39:39.507553,1361.6128954674584,0,1
2021-05-09 03:40:29.506639,1361.6178980049056,0,1
2021-05-09 03:41:19.505730,1361.6404579709442,0,1
2021-05-09 03:42:09.504818,1361.662854954195,0,1
2021-05-09 03:42:59.503902,1361.6741799426134,0,1
2021-05-09 03:43:49.502988,1361.6755064390375,0,1
2021-05-09 03:44:39.502092,1361.6732166698519,0,1
2021-05-09 03:45:29.501182,1361.6750522706143,0,1
2021-05-09 03:46:19.500265,1361.6806377944602,0,1
2021-05-09 03:47:09.499337,1361.6832305100697,0,1
2021-05-09 03:47:59.498445,1361.6846123361317,0,1
2021-05-09 03:48:49.497519,1361.6946049642581,0,1
2021-05-09 03:49:39.496623,1361.7180057857126,0,1
2021-05-09 03:50:29.495704,1361.7524471064555,0,1
2021-05-09 03:51:19.494791,1361.7813896925995,0,1
2021-05-09 03:52:09.493866,1361.7778013584607,0,1
2021-05-09 03:52:59.492950,1361.746729565567,0,1
2021-05-09 03:53:49.492034,1361.7259641020826,0,1
2021-05-09 03:54:39.491152,1361.7308754920468,0,1
2021-05-09 03:55:29.490226,1361.7467550830172,0,1
2021-05-09 03:56:19.489329,1361.7551046600029,0,1
2021-05-09 03:57:09.488403,1361.7443489548048,0,1
2021-05-09 03:57:59.487507,1361.7246673123122,0,1
2021-05-09 03:58:49.486594,1361.7196832614434,65536,0
2021-05-09 03:59:39.502573,1361.7326085803668,65536,0
2021-05-09 04:00:29.501659,1361.7500523686376,65536,0
2021-05-09 04:01:19.500754,1361.7632854888127,65600,0
2021-05-09 04:02:09.499832,1361.7739563320847,65600,0
2021-05-09 04:02:59.498936,1361.9489321093872,65616,0
2021-05-09 04:03:49.498019,1357.3158159629381,65618,0
2021-05-09 04:04:39.497115,1264.832855909491,65618,0
2021-05-09 04:05:29.496197,938.4156805389954,65618,0
2021-05-09 04:06:19.495304,459.78241107708885,65618,0
2021-05-09 04:07:09.494384,130.65989696436594,65618,0
2021-05-09 04:07:59.493486,36.423812551302255,65618,0
2021-05-09 04:08:49.492571,32.462339874299616,65618,0
2021-05-09 04:16:19.484577,-0.011731503688724814,2416017424,2
2021-05-09 04:17:09.483694,-0.013557064112440493,2416017424,2
2021-05-09 04:17:59.482822,-0.014901275103722234,2416017424,2
2021-05-09 04:18:49.481930,-0.014175000309541904,2416017424,2
2021-05-09 04:19:39.481049,-0.013176646515707817,2416017424,2
2021-05-09 04:20:29.480164,-0.016206473269795327,2416017424,2
2021-05-09 04:21:19.479284,-0.02061994974313025,2416017424,2
2021-05-09 04:22:09.478392,-0.01993724349955299,2416017424,2
2021-05-09 04:22:59.477517,-0.015195872669143113,2416017424,2
2021-05-09 04:23:49.476625,-0.011621383130024941,2416017424,2
2021-05-09 04:24:39.475749,-0.01034857445149313,2416017424,2
2021-05-09 04:25:29.474849,-0.011121432047671718,2416017424,2
2021-05-09 04:26:19.473960,-0.014038250712129698,2416017424,2
2021-05-09 04:27:09.473057,-0.016234081773778077,2416017424,2
2021-05-09 04:27:59.472196,-0.01539551080288729,2416017424,2
2021-05-09 04:28:49.471294,-0.013863342917951516,2416017424,2
2021-05-09 04:29:39.470406,-0.013858956583744564,2416017424,2
2021-05-09 04:30:29.469504,-0.01429792689678783,2416017424,2
2021-05-09 04:31:19.468618,-0.014173858476460289,2416017424,2
2021-05-09 04:32:09.467704,-0.013506957929427766,2416017424,2
2021-05-09 04:32:59.466817,-0.012097085607607937,2416017424,2
2021-05-09 04:33:49.465915,-0.010446988179786568,2416017424,2
2021-05-09 04:34:39.465019,-0.007926833861012202,2416017424,2
2021-05-09 04:35:29.480794,-0.004555179433586085,2416017424,2
2021-05-09 04:36:19.479890,-0.005761207414541641,268533840,3
2021-05-09 04:37:09.478961,-0.009638036670197579,268533840,3
2021-05-09 04:37:59.478058,0.034096461637878925,268533840,3
2021-05-09 04:45:29.469832,35.55497768980113,65618,0
2021-05-09 04:46:19.468915,32.07116430333543,65618,0
2021-05-09 04:47:09.467997,32.82982213266876,65618,0
2021-05-09 04:47:59.467086,31.849500190356725,65618,0
2021-05-09 04:48:49.466169,30.519562597371394,65618,0
2021-05-09 04:49:39.465254,29.842247960972735,65618,0
2021-05-09 04:50:29.464339,30.679044273712474,65618,0
2021-05-09 04:51:19.463430,34.40230605705954,65618,0
2021-05-09 04:52:09.462516,40.50150759979658,65618,0
2021-05-09 04:52:59.461605,43.980050202534485,65618,0
2021-05-09 04:53:49.460672,41.12877889413919,65618,0
2021-05-09 04:54:39.459760,41.71177109040847,65554,0
2021-05-09 04:55:29.458866,67.30880881422215,65554,0
2021-05-09 04:56:19.457939,189.1700633617904,65554,0
2021-05-09 04:57:09.457017,516.7364145355946,65554,0
2021-05-09 04:57:59.456117,966.3279700093685,65554,0
2021-05-09 04:58:49.455208,1270.4102547986813,65554,0
2021-05-09 04:59:39.454294,1357.3486688679604,65554,0
2021-05-09 05:00:29.453367,1361.935792237496,65554,0
2021-05-09 05:01:19.452460,1361.7816196259048,65552,0
2021-05-09 05:02:09.451539,1361.7647664094252,65536,0
2021-05-09 05:02:59.450622,1361.7488350430604,65536,0
2021-05-09 05:03:49.449721,1361.7320632305637,65536,0
2021-05-09 05:04:39.448802,1361.7162145127081,65536,0
2021-05-09 05:05:29.447884,1361.7050836637557,0,1
2021-05-09 05:06:19.446973,1361.7020532346835,0,1
2021-05-09 05:07:09.446048,1361.7052308984323,0,1
2021-05-09 05:07:59.445135,1361.7134298151827,0,1
2021-05-09 05:08:49.444220,1361.7263284535918,0,1
2021-05-09 05:09:39.443309,1361.7321150509565,0,1
2021-05-09 05:10:29.442390,1361.7132070024938,0,1
2021-05-09 05:11:19.458080,1361.682235511316,0,1
2021-05-09 05:12:09.457159,1361.6762849935462,0,1
2021-05-09 05:12:59.456237,1361.6999626480335,0,1
2021-05-09 05:13:49.455347,1361.724469125871,0,1
2021-05-09 05:14:39.454427,1361.7350102976357,0,1
2021-05-09 05:15:29.453521,1361.7365920582617,0,1
2021-05-09 05:16:19.452588,1361.7306182606264,0,1
2021-05-09 05:17:09.451667,1361.7119684292265,0,1
2021-05-09 05:17:59.450767,1361.6883616877692,0,1
2021-05-09 05:18:49.449840,1361.6789237422174,0,1
2021-05-09 05:19:39.448949,1361.6853731036445,0,1
2021-05-09 05:20:29.448027,1361.6948174053302,0,1
2021-05-09 05:21:19.447102,1361.705276420154,0,1
2021-05-09 05:22:09.446190,1361.7210052210455,0,1
2021-05-09 05:22:59.445267,1361.736683251993,0,1
2021-05-09 05:23:49.444354,1361.7446347641312,0,1
2021-05-09 05:24:39.443439,1361.748356842826,0,1
2021-05-09 05:25:29.442529,1361.7556487776774,0,1
2021-05-09 05:26:19.441613,1361.7664391026547,0,1
2021-05-09 05:27:09.440689,1361.7761990135737,0,1
2021-05-09 05:27:59.439787,1361.780508371462,0,1
2021-05-09 05:28:49.438878,1361.7761156748863,0,1
2021-05-09 05:29:39.437960,1361.7659858339778,0,1
2021-05-09 05:30:29.437047,1361.7554034580078,0,1
2021-05-09 05:31:19.436136,1361.7442389860864,65536,0
2021-05-09 05:32:09.435210,1361.7315135125225,65536,0
2021-05-09 05:32:59.434311,1361.7230605625618,65536,0
2021-05-09 05:33:49.433399,1361.7257107006842,65600,0
2021-05-09 05:34:39.432498,1361.7405852339998,65600,0
2021-05-09 05:35:29.431586,1361.4105172824263,65616,0
2021-05-09 05:36:19.430682,1337.4202586323786,65618,0
2021-05-09 05:37:09.429751,1222.391456528118,65618,0
2021-05-09 05:37:59.428871,958.9553051975932,65618,0
2021-05-09 05:38:49.427957,586.0866592358466,65618,0
2021-05-09 05:39:39.427065,249.42082449131684,65618,0
2021-05-09 05:40:29.426159,73.65105874898931,65618,0
2021-05-09 05:41:19.425259,35.47898066362706,65618,0
2021-05-09 05:48:49.417196,-0.01308157000146047,268533840,3
2021-05-09 05:49:39.433064,-0.011718131854118274,2416017424,2
2021-05-09 05:50:29.432164,-0.011987984487248644,2416017424,2
2021-05-09 05:51:19.431286,-0.015688902262949757,2416017424,2
2021-05-09 05:52:09.430397,-0.017835459151811794,2416017424,2
2021-05-09 05:52:59.429514,-0.014336110579803421,2416017424,2
2021-05-09 05:53:49.428611,-0.009503790778965833,2416017424,2
2021-05-09 05:54:39.427724,-0.010106142048874861,2416017424,2
2021-05-09 05:55:29.426838,-0.01523215664286011,2416017424,2
2021-05-09 05:56:19.425951,-0.018787826519165236,2416017424,2
2021-05-09 05:57:09.425047,-0.01906933789384071,2416017424,2
2021-05-09 05:57:59.424158,-0.018845645790515512,2416017424,2
2021-05-09 05:58:49.423257,-0.018912234249062892,2416017424,2
2021-05-09 05:59:39.422375,-0.01769159546885851,2416017424,2
2021-05-09 06:00:29.421466,-0.015670487985964796,2416017424,2
2021-05-09 06:01:19.420578,-0.014691319624580399,2416017424,2
2021-05-09 06:02:09.419668,-0.014026959485799965,2416017424,2
2021-05-09 06:02:59.418780,-0.01220506245708036,2416017424,2
2021-05-09 06:03:49.417868,-0.010707879688254244,2416017424,2
2021-05-09 06:04:39.416968,-0.011433273575558824,2416017424,2
2021-05-09 06:05:29.416070,-0.012992560630917605,2416017424,2
2021-05-09 06:06:19.415172,-0.012963208761143215,2416017424,2
2021-05-09 06:07:09.414267,-0.010867015903448867,2416017424,2
2021-05-09 06:07:59.413363,-0.0073078038424493974,2416017424,2
2021-05-09 06:08:49.412451,-0.00417647613178631,268533776,2
2021-05-09 06:09:39.411543,-0.00423347619548133,268533840,3
2021-05-09 06:10:29.410633,-0.004204395363285131,268533840,3
2021-05-09 06:11:19.409721,0.03534056337811645,268533840,3
2021-05-09 06:18:49.401491,56.007806937219556,65618,0
2021-05-09 06:19:39.400579,64.5301275636231,65618,0
2021-05-09 06:20:29.399665,59.37520463773132,65618,0
2021-05-09 06:21:19.398743,45.24812688364044,65618,0
2021-05-09 06:22:09.397832,34.39277831252085,65618,0
2021-05-09 06:22:59.396901,30.46604149760399,65618,0
2021-05-09 06:23:49.412587,30.20675100086376,65618,0
2021-05-09 06:24:39.411662,31.558358812419588,65618,0
2021-05-09 06:25:29.410752,32.663027065178454,65618,0
2021-05-09 06:26:19.409837,32.26337254712584,65618,0
2021-05-09 06:27:09.408925,31.737074775439993,65618,0
2021-05-09 06:27:59.408010,36.01327485628099,65554,0
2021-05-09 06:28:49.407080,54.476734412604294,65554,0
2021-05-09 06:29:39.406168,159.8819011476252,65554,0
2021-05-09 06:30:29.405257,482.102313361205,65554,0
2021-05-09 06:31:19.404329,945.0481467590305,65554,0
2021-05-09 06:32:09.403409,1264.0238260704061,65554,0
2021-05-09 06:32:59.402496,1356.418956028022,65554,0
2021-05-09 06:33:49.401579,1361.7000404132405,65554,0
2021-05-09 06:34:39.400636,1361.679228245071,65536,0
2021-05-09 06:35:29.399731,1361.7113775533037,65536,0
2021-05-09 06:36:19.398801,1361.722636662026,65536,0
2021-05-09 06:37:09.397874,1361.7215424921965,65536,0
2021-05-09 06:37:59.396976,1361.7242014401256,65536,0
2021-05-09 06:38:49.396037,1361.7439479861534,0,1
2021-05-09 06:39:39.395134,1361.773038569104,0,1
2021-05-09 06:40:29.394221,1361.7871562226,0,1
2021-05-09 06:41:19.393295,1361.7792963063182,0,1
2021-05-09 06:42:09.392391,1361.7602027557116,0,1
2021-05-09 06:42:59.391478,1361.7420311832748,0,1
2021-05-09 06:43:49.390557,1361.7368018735717,0,1
2021-05-09 06:44:39.389648,1361.7407929180954,0,1
2021-05-09 06:45:29.388743,1361.733072360449,0,1
2021-05-09 06:46:19.387830,1361.7072808287323,0,1
2021-05-09 06:47:09.386910,1361.676940529444,0,1
2021-05-09 06:47:59.386014,1361.653787310858,0,1
2021-05-09 06:48:49.385098,1361.6420122220588,0,1
2021-05-09 06:49:39.384184,1361.6445151687938,0,1
2021-05-09 06:50:29.383266,1361.6655466227955,0,1
2021-05-09 06:51:19.382352,1361.6988443200091,0,1
2021-05-09 06:52:09.381439,1361.72600970504,0,1
2021-05-09 06:52:59.380349,1361.7376312900624,0,1
2021-05-09 06:53:49.379510,1361.7359426907858,0,1
2021-05-09 06:54:39.378608,1361.7243350183126,0,1
2021-05-09 06:55:29.377667,1361.7085900312352,0,1
2021-05-09 06:56:19.376687,1361.6963008317282,0,1
2021-05-09 06:57:09.375757,1361.6893914469372,0,1
2021-05-09 06:57:59.374838,1361.685246386761,0,1
2021-05-09 06:58:49.373941,1361.6851918775553,0,1
2021-05-09 06:59:39.373008,1361.687058914653,0,1
2021-05-09 07:00:29.372099,1361.681589462858,0,1
2021-05-09 07:01:19.388083,1361.6763518398145,0,1
2021-05-09 07:02:09.387179,1361.6938290157157,0,1
2021-05-09 07:02:59.386275,1361.7340658851042,0,1
2021-05-09 07:03:49.385352,1361.7755685132286,0,1
2021-05-09 07:04:39.384434,1361.803291635202,65536,0
2021-05-09 07:05:29.383529,1361.8128134834164,65536,0
2021-05-09 07:06:19.382601,1361.8112450524081,65536,0
2021-05-09 07:07:09.381695,1361.812164206361,65600,0
2021-05-09 07:07:59.380808,1361.8211395082806,65600,0
2021-05-09 07:08:49.379875,1357.0611764698865,65616,0
2021-05-09 07:09:39.378970,1267.9222359953312,65618,0
2021-05-09 07:10:29.378060,950.8779301338776,65618,0
2021-05-09 07:11:19.377139,478.8239810750147,65618,0
2021-05-09 07:12:09.376225,144.60540253165274,65618,0
2021-05-09 07:12:59.375338,40.86141291873766,65618,0
2021-05-09 07:13:49.374418,31.923394753557563,65618,0
2021-05-09 07:14:39.373505,35.07098858903018,65618,0
2021-05-09 07:22:09.365369,-0.015486558785204961,268533776,2
2021-05-09 07:22:59.364510,-0.0185059539333775,2416017424,2
2021-05-09 07:23:49.363600,-0.022281364843494175,2416017424,2
2021-05-09 07:24:39.362720,-0.021800258134777373,2416017424,2
2021-05-09 07:25:29.361833,-0.016827018532986186,2416017424,2
2021-05-09 07:26:19.360943,-0.01239233750763278,2416017424,2
2021-05-09 07:27:09.360056,-0.011677155545844514,2416017424,2
2021-05-09 07:27:59.359179,-0.012290133982537442,2416017424,2
2021-05-09 07:28:49.358292,-0.011856663804391548,2416017424,2
2021-05-09 07:29:39.357399,-0.012425668961459316,2416017424,2
2021-05-09 07:30:29.356530,-0.014849613393138462,2416017424,2
2021-05-09 07:31:19.355624,-0.016531145129873755,2416017424,2
2021-05-09 07:32:09.354739,-0.01722860470565744,2416017424,2
2021-05-09 07:32:59.353857,-0.0175132552452008,2416017424,2
2021-05-09 07:33:49.352965,-0.01640287368531817,2416017424,2
2021-05-09 07:34:39.352064,-0.014979748917431519,2416017424,2
2021-05-09 07:35:29.351179,-0.01388233070543618,2416017424,2
2021-05-09 07:36:19.350276,-0.011405996739149991,2416017424,2
2021-05-09 07:37:09.366023,-0.007602127105096452,2416017424,2
2021-05-09 07:37:59.365155,-0.00462598470572326,2416017424,2
2021-05-09 07:38:49.364231,-0.004867929688530756,2416017424,2
2021-05-09 07:39:39.363354,-0.008216731718966752,2416017424,2
2021-05-09 07:40:29.362453,-0.011416284956931744,2416017424,2
2021-05-09 07:41:19.361369,-0.012810087015002197,2416017424,2
2021-05-09 07:42:09.360574,-0.013495078956736581,268533840,3
2021-05-09 07:42:59.359761,-0.004552409941101152,268533840,3
2021-05-09 07:43:49.358813,0.043711397028985424,268533840,3
2021-05-09 07:51:19.350602,58.155575116325664,98386,0
2021-05-09 07:52:09.349688,55.62548643731042,65618,0
2021-05-09 07:52:59.348799,55.69107217886191,65618,0
2021-05-09 07:53:49.347859,55.28480491918719,65618,0
2021-05-09 07:54:39.346956,55.89645067977552,65618,0
2021-05-09 07:55:29.346047,52.42428087696229,65618,0
2021-05-09 07:56:19.345131,43.715198520963426,65618,0
2021-05-09 07:57:09.344224,42.40996310472363,65618,0
2021-05-09 07:57:59.343322,51.70756857580035,65618,0
2021-05-09 07:58:49.342391,54.95134850381566,65618,0
2021-05-09 07:59:39.341493,45.156320321274066,65618,0
2021-05-09 08:00:29.340579,34.78173727831145,65554,0
2021-05-09 08:01:19.339661,31.137843571923067,65554,0
2021-05-09 08:02:09.338744,34.84555407223118,65554,0
2021-05-09 08:02:59.337848,125.77370853764336,65554,0
2021-05-09 08:03:49.336921,451.2611748132415,65554,0
2021-05-09 08:04:39.336022,930.5484343937362,65554,0
2021-05-09 08:05:29.335111,1260.9182653888283,65554,0
2021-05-09 08:06:19.334178,1356.2132376470768,65554,0
2021-05-09 08:07:09.333258,1361.703136865482,65554,0
2021-05-09 08:07:59.332358,1361.6892868876816,65536,0
2021-05-09 08:08:49.331436,1361.6940884088344,65536,0
2021-05-09 08:09:39.330524,1361.6893566246974,65536,0
2021-05-09 08:10:29.329600,1361.6766047497804,65536,0
2021-05-09 08:11:19.328663,1361.6600754718706,65536,0
2021-05-09 08:12:09.327760,1361.64783905899,0,1
2021-05-09 08:12:59.343535,1361.6490354650089,0,1
2021-05-09 08:13:49.342599,1361.6698835560155,0,1
2021-05-09 08:14:39.341687,1361.7002198123125,0,1
2021-05-09 08:15:29.340779,1361.7160558220835,0,1
2021-05-09 08:16:19.339855,1361.714556763321,0,1
2021-05-09 08:17:09.338931,1361.714952940039,0,1
2021-05-09 08:17:59.338053,1361.7227036188788,0,1
2021-05-09 08:18:49.337126,1361.7280497543638,0,1
2021-05-09 08:19:39.336232,1361.7267550709985,0,1
2021-05-09 08:20:29.335292,1361.7190116965378,0,1
2021-05-09 08:21:19.334377,1361.709391275938,0,1
2021-05-09 08:22:09.333431,1361.7116879230928,0,1
2021-05-09 08:22:59.332522,1361.7314272494252,0,1
2021-05-09 08:23:49.331596,1361.7578615457255,0,1
2021-05-09 08:24:39.330697,1361.7753634904952,0,1
2021-05-09 08:25:29.329786,1361.7709648887055,0,1
2021-05-09 08:26:19.328883,1361.7494124461084,0,1
2021-05-09 08:27:09.328005,1361.7305242826055,0,1
2021-05-09 08:27:59.327203,1361.7218255265059,0,1
2021-05-09 08:28:49.326267,1361.7174370877865,0,1
2021-05-09 08:29:39.325356,1361.7146827888414,0,1
2021-05-09 08:30:29.324432,1361.7147671018154,0,1
2021-05-09 08:31:19.323523,1361.7204977793708,0,1
2021-05-09 08:32:09.322610,1361.7357280451515,0,1
2021-05-09 08:32:59.321717,1361.7571185183094,0,1
2021-05-09 08:33:49.320770,1361.7754821740045,0,1
2021-05-09 08:34:39.319881,1361.780291176415,0,1
2021-05-09 08:35:29.318954,1361.7599502904704,0,1
2021-05-09 08:36:19.318043,1361.7193819636275,0,1
2021-05-09 08:37:09.317112,1361.6769295790248,65536,0
2021-05-09 08:37:59.316209,1361.6436927343407,65536,0
2021-05-09 08:38:49.315312,1361.6301291607656,65536,0
2021-05-09 08:39:39.314405,1361.640534319331,65600,0
2021-05-09 08:40:29.313481,1361.6659354656188,65600,0
2021-05-09 08:41:19.312597,1361.7291851787734,65616,0
2021-05-09 08:42:09.311683,1356.5504661146094,65618,0
2021-05-09 08:42:59.310796,1262.9893449170545,65618,0
2021-05-09 08:43:49.309706,935.3248885498517,65618,0
2021-05-09 08:44:39.308817,456.0706807590148,65618,0
2021-05-09 08:45:29.307904,127.66462137219992,65618,0
2021-05-09 08:46:19.307004,34.77197515214092,65618,0
2021-05-09 08:47:09.306102,30.94591290868031,65618,0
2021-05-09 08:47:59.305224,31.694490512698064,65618,0
2021-05-09 08:55:29.313956,-0.016198987466670495,2416017424,2
2021-05-09 08:56:19.312920,-0.016869244638503485,2416017424,2
2021-05-09 08:57:09.312172,-0.014858526944894724,2416017424,2
2021-05-09 08:57:59.311303,-0.01113602731717003,2416017424,2
2021-05-09 08:58:49.310254,-0.009604222046659094,2416017424,2
2021-05-09 08:59:39.309521,-0.011776882069682734,2416017424,2
2021-05-09 09:00:29.308634,-0.014478716799831363,2416017424,2
2021-05-09 09:01:19.307602,-0.015913198873221752,2416017424,2
2021-05-09 09:02:09.306864,-0.016495042903164513,2416017424,2
2021-05-09 09:02:59.305990,-0.016537229447811053,2416017424,2
2021-05-09 09:03:49.304942,-0.017497423524918163,2416017424,2
2021-05-09 09:04:39.304192,-0.020057158881757565,2416017424,2
2021-05-09 09:05:29.303319,-0.02160775497643339,2416017424,2
2021-05-09 09:06:19.302279,-0.01949925270855585,2416017424,2
2021-05-09 09:07:09.301533,-0.015608262075822039,2416017424,2
2021-05-09 09:07:59.300644,-0.01432888863517371,2416017424,2
2021-05-09 09:08:49.299589,-0.01559423675182891,2416017424,2
2021-05-09 09:09:39.298830,-0.01488774371509018,2416017424,2
2021-05-09 09:10:29.297946,-0.011467823501301195,2416017424,2
2021-05-09 09:11:19.296900,-0.009370992468941144,2416017424,2
2021-05-09 09:12:09.296177,-0.010571375176135137,2416017424,2
2021-05-09 09:12:59.295271,-0.01298014053400124,2416017424,2
2021-05-09 09:13:49.294213,-0.013434110635199186,2416017424,2
2021-05-09 09:14:39.293457,-0.012068068593857315,268533776,2
2021-05-09 09:15:29.292561,-0.009461631163325842,268533840,3
2021-05-09 09:16:19.291502,0.04281907300006315,268533840,3
2021-05-09 09:17:09.290725,0.23848716818899646,268533840,3
2021-05-09 09:24:39.282515,37.419872211225865,98386,0
2021-05-09 09:25:29.281605,31.064304903000867,65618,0
2021-05-09 09:26:19.297344,34.94793710167383,65618,0
2021-05-09 09:27:09.296406,48.43189170260342,65618,0
2021-05-09 09:27:59.295520,64.46908658785355,65618,0
2021-05-09 09:28:49.294583,64.53990882763578,65618,0
2021-05-09 09:29:39.293677,53.61751612319657,65618,0
2021-05-09 09:30:29.292776,60.16608524597037,65618,0
2021-05-09 09:31:19.291840,81.74525622324637,65618,0
2021-05-09 09:32:09.290916,82.93080644280697,65618,0
2021-05-09 09:32:59.290021,58.761553070822096,65618,0
2021-05-09 09:33:49.289089,39.013756726567046,65554,0
2021-05-09 09:34:39.288203,34.7035237436962,65554,0
2021-05-09 09:35:29.287293,38.38760356278846,65554,0
2021-05-09 09:36:19.286356,127.16746808236259,65554,0
2021-05-09 09:37:09.285436,451.2156238555373,65554,0
2021-05-09 09:37:59.284554,930.4396233142479,65554,0
2021-05-09 09:38:49.283621,1260.854641701649,65554,0
2021-05-09 09:39:39.282711,1356.1162192618146,65554,0
2021-05-09 09:40:29.281799,1361.6358162714296,65554,0
2021-05-09 09:41:19.280868,1361.62972003768,65536,0
2021-05-09 09:42:09.279965,1361.6362975396855,65536,0
2021-05-09 09:42:59.279068,1361.647654236523,65536,0
2021-05-09 09:43:49.278132,1361.660067438968,65536,0
2021-05-09 09:44:39.277222,1361.67133105676,0,1
2021-05-09 09:45:29.276312,1361.6807888060523,0,1
2021-05-09 09:46:19.275382,1361.6881047130641,0,1
2021-05-09 09:47:09.274454,1361.693988705377,0,1
2021-05-09 09:47:59.273592,1361.7002865568259,0,1
2021-05-09 09:48:49.272640,1361.7090323000596,0,1
2021-05-09 09:49:39.271744,1361.7141919334479,0,1
2021-05-09 09:50:29.270818,1361.7024291481146,0,1
2021-05-09 09:51:19.269910,1361.678503092405,0,1
2021-05-09 09:52:09.268983,1361.666543722213,0,1
2021-05-09 09:52:59.268107,1361.673348276805,0,1
2021-05-09 09:53:49.267177,1361.6825639298522,0,1
2021-05-09 09:54:39.266279,1361.682181587078,0,1
2021-05-09 09:55:29.265356,1361.675166086021,0,1
2021-05-09 09:56:19.264440,1361.6760272484944,0,1
2021-05-09 09:57:09.263521,1361.698980806854,0,1
2021-05-09 09:57:59.262641,1361.7327748050245,0,1
2021-05-09 09:58:49.261706,1361.747544633998,0,1
2021-05-09 09:59:39.260809,1361.735826786192,0,1
2021-05-09 10:00:29.259907,1361.7122298275533,0,1
2021-05-09 10:01:19.258983,1361.6891368635827,0,1
2021-05-09 10:02:09.258043,1361.6778259306009,0,1
2021-05-09 10:02:59.257150,1361.6831787720648,0,1
2021-05-09 10:03:49.272935,1361.6974813629859,0,1
2021-05-09 10:04:39.272579,1361.710627542451,0,1
2021-05-09 10:05:29.271138,1361.715558654776,0,1
2021-05-09 10:06:19.270231,1361.7160091938065,0,1
2021-05-09 10:07:09.269171,1361.726381709669,0,1
2021-05-09 10:07:59.268404,1361.7454438906063,0,1
2021-05-09 10:08:49.267487,1361.753616413529,0,1
2021-05-09 10:09:39.266424,1361.7419072956775,65536,0
2021-05-09 10:10:29.265684,1361.7139873227834,65536,0
2021-05-09 10:11:19.264778,1361.684088219264,65536,0
2021-05-09 10:12:09.263705,1361.676933109583,65536,0
2021-05-09 10:12:59.262963,1361.6995217858448,65600,0
2021-05-09 10:13:49.262034,1361.7436732651586,65600,0
2021-05-09 10:14:39.260993,1361.934709446881,65616,0
2021-05-09 10:15:29.260239,1357.2347223194236,65618,0
2021-05-09 10:16:19.259328,1264.6523928681434,65618,0
2021-05-09 10:17:09.258270,938.2670862477173,65618,0
2021-05-09 10:17:59.257531,459.78618963616515,65618,0
2021-05-09 10:18:49.256612,130.81458182618124,65618,0
2021-05-09 10:19:39.255562,38.78435215091077,65618,0
2021-05-09 10:20:29.254813,43.26009539843328,65618,0
2021-05-09 10:27:59.246799,-0.008996276209163415,268533840,3
2021-05-09 10:28:49.245898,-0.01122524388167675,2416017424,2
2021-05-09 10:29:39.244848,-0.013253217690849414,2416017424,2
2021-05-09 10:30:29.244117,-0.01591721370375473,2416017424,2
2021-05-09 10:31:19.243233,-0.0157151565626935,2416017424,2
2021-05-09 10:32:09.242204,-0.011779381528910993,2416017424,2
2021-05-09 10:32:59.241483,-0.008702374347954461,2416017424,2
2021-05-09 10:33:49.240577,-0.007856838241661293,2416017424,2
2021-05-09 10:34:39.239549,-0.007345363064204523,2416017424,2
2021-05-09 10:35:29.238834,-0.007679141241082235,2416017424,2
2021-05-09 10:36:19.237944,-0.008993885923891954,2416017424,2
2021-05-09 10:37:09.236912,-0.00931783920533962,2416017424,2
2021-05-09 10:37:59.236175,-0.00861970817220559,2416017424,2
2021-05-09 10:38:49.235271,-0.008658322530693482,2416017424,2
2021-05-09 10:39:39.234234,-0.008800195726440897,2416017424,2
2021-05-09 10:40:29.233492,-0.007220823100966568,2416017424,2
2021-05-09 10:41:19.249256,-0.005488722254575985,2416017424,2
2021-05-09 10:42:09.248367,-0.005825514963093751,2416017424,2
2021-05-09 10:42:59.247471,-0.006389422815070242,2416017424,2
2021-05-09 10:43:49.246565,-0.0050714479711665966,2416017424,2
2021-05-09 10:44:39.245680,-0.003178577122421134,2416017424,2
2021-05-09 10:45:29.244776,-0.0030215628689364837,2416017424,2
2021-05-09 10:46:19.243862,-0.005492611738885832,2416017424,2
2021-05-09 10:47:09.242971,-0.009125319694813068,2416017424,2
2021-05-09 10:47:59.242067,-0.011364998635822493,268533840,3
2021-05-09 10:48:49.241152,-0.008015230702211353,268533840,3
2021-05-09 10:49:39.240245,0.04496029624156533,268533840,3
2021-05-09 10:57:09.232010,126.37389954569576,98386,0
2021-05-09 10:57:59.231104,33.51539160436438,65618,0
2021-05-09 10:58:49.230176,30.080726836997407,65618,0
2021-05-09 10:59:39.229275,34.66931436629946,65618,0
2021-05-09 11:00:29.228349,49.38426236805743,65618,0
2021-05-09 11:01:19.227429,67.71901838220757,65618,0
2021-05-09 11:02:09.226517,68.54558978928694,65618,0
2021-05-09 11:02:59.225619,55.59100832350848,65618,0
2021-05-09 11:03:49.224689,57.544824604748044,65618,0
2021-05-09 11:04:39.223769,72.51513704415648,65618,0
2021-05-09 11:05:29.222877,71.0309557957969,65618,0
2021-05-09 11:06:19.221956,54.790600740373414,65554,0
2021-05-09 11:07:09.221028,52.724287439194484,65554,0
2021-05-09 11:07:59.220119,77.56146527180151,65554,0
2021-05-09 11:08:49.219204,141.71225389627034,65554,0
2021-05-09 11:09:39.218306,314.32319517236687,65554,0
2021-05-09 11:10:29.217377,659.9380282920505,65554,0
2021-05-09 11:11:19.216474,1058.8510118482081,65554,0
2021-05-09 11:12:09.215559,1298.39110652615,65554,0
2021-05-09 11:12:59.214673,1359.5323196565307,65554,0
2021-05-09 11:13:49.213750,1361.758958725722,65536,0
2021-05-09 11:14:39.212837,1361.7511312867825,65536,0
2021-05-09 11:15:29.211914,1361.7505951221876,65536,0
2021-05-09 11:16:19.211003,1361.7522086606684,65536,0
2021-05-09 11:17:09.226567,1361.7526684397476,65536,0
2021-05-09 11:17:59.225518,1361.745807270591,0,1
2021-05-09 11:18:49.224910,1361.7260495400349,0,1
2021-05-09 11:19:39.224001,1361.6970709600087,0,1
2021-05-09 11:20:29.222958,1361.6706610809315,0,1
2021-05-09 11:21:19.222186,1361.6528753776738,0,1
2021-05-09 11:22:09.221110,1361.6419501335529,0,1
2021-05-09 11:22:59.220044,1361.638007879615,0,1
2021-05-09 11:23:49.219455,1361.6453226898823,0,1
2021-05-09 11:24:39.218537,1361.6600984161319,0,1
2021-05-09 11:25:29.217310,1361.6700042018906,0,1
2021-05-09 11:26:19.216708,1361.6743996103842,0,1
2021-05-09 11:27:09.215631,1361.684655494225,0,1
2021-05-09 11:27:59.214747,1361.702673799194,0,1
2021-05-09 11:28:49.213980,1361.7187419727347,0,1
2021-05-09 11:29:39.213084,1361.7289569089794,0,1
2021-05-09 11:30:29.211848,1361.7388705454591,0,1
2021-05-09 11:31:19.211246,1361.7482074101836,0,1
2021-05-09 11:32:09.210163,1361.746850267947,0,1
2021-05-09 11:32:59.209121,1361.7279698541488,0,1
2021-05-09 11:33:49.208515,1361.6946797298403,0,1
2021-05-09 11:34:39.207594,1361.6652510991591,0,1
2021-05-09 11:35:29.206381,1361.663647779523,0,1
2021-05-09 11:36:19.205772,1361.6810361358876,0,1
2021-05-09 11:37:09.204692,1361.681729196648,0,1
2021-05-09 11:37:59.203651,1361.6553016128348,0,1
2021-05-09 11:38:49.203047,1361.6187412204258,0,1
2021-05-09 11:39:39.202148,1361.591135036761,0,1
2021-05-09 11:40:29.200925,1361.5882836683184,0,1
2021-05-09 11:41:19.200327,1361.6090971801143,0,1
2021-05-09 11:42:09.199236,1361.6358460716208,0,1
2021-05-09 11:42:59.198180,1361.6496077253582,65536,0
2021-05-09 11:43:49.197580,1361.63637643548,65536,0
2021-05-09 11:44:39.196677,1361.611726942209,65536,0
2021-05-09 11:45:29.195617,1361.6143498686338,65536,0
2021-05-09 11:46:19.194846,1361.6498336103634,65600,0
2021-05-09 11:47:09.193770,1361.527187503329,65616,0
2021-05-09 11:47:59.192747,1345.027486859329,65618,0
2021-05-09 11:48:49.192145,1259.9100197574585,65618,0
2021-05-09 11:49:39.191230,1036.8717784041753,65618,0
2021-05-09 11:50:29.190198,668.9371016298571,65618,0
2021-05-09 11:51:19.189453,294.93563918044924,65618,0
2021-05-09 11:52:09.188377,84.71772068911528,65618,0
2021-05-09 11:52:59.204043,34.43574109803858,65618,0
2021-05-09 11:53:49.203300,36.7996387008171,65618,0
2021-05-09 12:01:19.195319,-0.01537454745774237,268533776,2
2021-05-09 12:02:09.194239,-0.015024611372721933,2416017424,2
2021-05-09 12:02:59.193379,-0.011772033233475284,2416017424,2
2021-05-09 12:03:49.192651,-0.008869463333357452,2416017424,2
2021-05-09 12:04:39.191782,-0.006795729084011576,2416017424,2
2021-05-09 12:05:29.190711,-0.006367739976149999,2416017424,2
2021-05-09 12:06:19.189991,-0.008618319440253807,2416017424,2
2021-05-09 12:07:09.188934,-0.009799231525621092,2416017424,2
2021-05-09 12:07:59.204706,-0.007229229938195692,2416017424,2
2021-05-09 12:08:49.203969,-0.0049230737444399455,2416017424,2
2021-05-09 12:09:39.203094,-0.006263903300945387,2416017424,2
2021-05-09 12:10:29.202035,-0.008131287859208467,2416017424,2
2021-05-09 12:11:19.201306,-0.007355200176430326,2416017424,2
2021-05-09 12:12:09.200244,-0.007699894542400579,2416017424,2
2021-05-09 12:12:59.199369,-0.012380416775683722,2416017424,2
2021-05-09 12:13:49.198628,-0.016861776759544908,2416017424,2
2021-05-09 12:14:39.197744,-0.01709783519272592,2416017424,2
2021-05-09 12:15:29.196855,-0.014809237806217878,2416017424,2
2021-05-09 12:16:19.195954,-0.012268143465012045,2416017424,2
2021-05-09 12:17:09.194892,-0.010171811464979945,2416017424,2
2021-05-09 12:17:59.193994,-0.008919218884814391,2416017424,2
2021-05-09 12:18:49.193258,-0.008700074730272216,2416017424,2
2021-05-09 12:19:39.192362,-0.009852073457703345,2416017424,2
2021-05-09 12:20:29.191284,-0.012785370471072836,268533776,2
2021-05-09 12:21:19.190552,-0.015702944049756314,268533840,3
2021-05-09 12:22:09.189470,-0.013605499854315426,268533840,3
2021-05-09 12:22:59.188580,0.025541858668768992,268533840,3
2021-05-09 12:30:29.197150,127.48081669648343,98386,0
2021-05-09 12:31:19.196416,35.02999838237536,65618,0
2021-05-09 12:32:09.195322,31.70444356498362,65618,0
2021-05-09 12:32:59.194592,36.22049385319122,65618,0
2021-05-09 12:33:49.193667,48.39120119266752,65618,0
2021-05-09 12:34:39.192773,59.661968817168464,65618,0
2021-05-09 12:35:29.191674,55.37802609124703,65618,0
2021-05-09 12:36:19.190931,43.10626040971862,65618,0
2021-05-09 12:37:09.189841,40.855529790957775,65618,0
2021-05-09 12:37:59.188936,45.71051164255739,65618,0
2021-05-09 12:38:49.188193,44.709551080933196,65618,0
2021-05-09 12:39:39.203969,44.953786565791816,65554,0
2021-05-09 12:40:29.202885,66.1633632667236,65554,0
2021-05-09 12:41:19.202138,139.01206763155702,65554,0
2021-05-09 12:42:09.201039,329.1574234038598,65554,0
2021-05-09 12:42:59.200327,654.8720971741403,65554,0
2021-05-09 12:43:49.199392,1003.0962193749953,65554,0
2021-05-09 12:44:39.198498,1240.9294505665946,65554,0
2021-05-09 12:45:29.197417,1341.1053193828059,65554,0
2021-05-09 12:46:19.196659,1361.4829617399332,65554,0
2021-05-09 12:47:09.195563,1361.7469616642563,65536,0
2021-05-09 12:47:59.194680,1361.749690937893,65536,0
2021-05-09 12:48:49.193919,1361.7380557538843,65536,0
2021-05-09 12:49:39.193018,1361.713218910369,65536,0
2021-05-09 12:50:29.192103,1361.695004668127,65536,0
2021-05-09 12:51:19.191184,1361.6942372871488,65536,0
2021-05-09 12:52:09.190093,1361.7084474719427,0,1
2021-05-09 12:52:59.189200,1361.728600061465,0,1
2021-05-09 12:53:49.188450,1361.7397471860584,0,1
2021-05-09 12:54:39.187546,1361.7384926822758,0,1
2021-05-09 12:55:29.203118,1361.7390207460846,0,1
2021-05-09 12:56:19.202370,1361.752149413318,0,1
2021-05-09 12:57:09.201272,1361.7754829553419,0,1
2021-05-09 12:57:59.200570,1361.8016148979927,0,1
2021-05-09 12:58:49.199634,1361.8248713864032,0,1
2021-05-09 12:59:39.198740,1361.8420050519394,0,1
2021-05-09 13:00:29.197652,1361.8505067976728,0,1
2021-05-09 13:01:19.196918,1361.8500478190379,0,1
2021-05-09 13:02:09.195814,1361.8438351960542,0,1
2021-05-09 13:02:59.194917,1361.838006769098,0,1
2021-05-09 13:03:49.194156,1361.838416337388,0,1
2021-05-09 13:04:39.193253,1361.8429230538359,0,1
2021-05-09 13:05:29.192183,1361.8436100716112,0,1
2021-05-09 13:06:19.191426,1361.838406742785,0,1
2021-05-09 13:07:09.190341,1361.8309942580624,0,1
2021-05-09 13:07:59.189644,1361.8264036473226,0,1
2021-05-09 13:08:49.188696,1361.8296841673578,0,1
2021-05-09 13:09:39.187811,1361.8331918238569,0,1
2021-05-09 13:10:29.186721,1361.8178934614707,0,1
2021-05-09 13:11:19.202033,1361.7832435084674,0,1
2021-05-09 13:12:09.201103,1361.748757052285,0,1
2021-05-09 13:12:59.200194,1361.7272970604563,0,1
2021-05-09 13:13:49.199297,1361.7182391296628,0,1
2021-05-09 13:14:39.198382,1361.716104679351,0,1
2021-05-09 13:15:29.197482,1361.7165757732525,65536,0
2021-05-09 13:16:19.196556,1361.718696481522,65536,0
2021-05-09 13:17:09.195654,1361.7238052325256,65536,0
2021-05-09 13:17:59.194731,1361.7318076998545,65536,0
2021-05-09 13:18:49.193841,1361.7390955868207,65600,0
2021-05-09 13:19:39.192927,1361.7479833281616,65600,0
2021-05-09 13:20:29.192025,1357.0431984512645,65616,0
2021-05-09 13:21:19.191112,1268.319578228865,65618,0
2021-05-09 13:22:09.190248,952.2219811192771,65618,0
2021-05-09 13:22:59.189345,480.81376109737266,65618,0
2021-05-09 13:23:49.188471,146.09564742335573,65618,0
2021-05-09 13:24:39.187574,41.37283347739537,65618,0
2021-05-09 13:25:29.186675,31.766096246206665,65618,0
2021-05-09 13:26:19.185778,34.22417046622689,65618,0
2021-05-09 13:27:09.201845,44.88654016038416,65618,0
2021-05-09 13:34:39.193842,-0.01782890914995868,2416017424,2
2021-05-09 13:35:29.192971,-0.016145729090462774,2416017424,2
2021-05-09 13:36:19.192081,-0.012426008024783138,2416017424,2
2021-05-09 13:37:09.191180,-0.009181472312885528,2416017424,2
2021-05-09 13:37:59.190311,-0.008235176872959741,2416017424,2
2021-05-09 13:38:49.189424,-0.009588104708385961,2416017424,2
2021-05-09 13:39:39.188536,-0.011535448421004766,2416017424,2
2021-05-09 13:40:29.187666,-0.01229247237944975,2416017424,2
2021-05-09 13:41:19.186779,-0.01274786998002319,2416017424,2
2021-05-09 13:42:09.185874,-0.01451379438820333,2416017424,2
2021-05-09 13:42:59.201752,-0.01626342460211215,2416017424,2
2021-05-09 13:43:49.200845,-0.016990240586187297,2416017424,2
2021-05-09 13:44:39.199966,-0.017988645566634424,2416017424,2
2021-05-09 13:45:29.199068,-0.01879048188328669,2416017424,2
2021-05-09 13:46:19.198168,-0.018858106140552423,2416017424,2
2021-05-09 13:47:09.197255,-0.020607336996604254,2416017424,2
2021-05-09 13:47:59.196383,-0.02381952712003925,2416017424,2
2021-05-09 13:48:49.195471,-0.024250514373654827,2416017424,2
2021-05-09 13:49:39.194602,-0.021672831383132224,2416017424,2
2021-05-09 13:50:29.193720,-0.020027450727043632,2416017424,2
2021-05-09 13:51:19.192815,-0.019513581912411614,2416017424,2
2021-05-09 13:52:09.191876,-0.01797194397244474,2416017424,2
2021-05-09 13:52:59.190978,-0.016170691604704683,2416017424,2
2021-05-09 13:53:49.190063,-0.015390636365828483,268533840,3
2021-05-09 13:54:39.189174,-0.008731780838501582,268533840,3
2021-05-09 13:55:29.188245,0.02559668105756231,268533840,3
2021-05-09 14:02:59.196776,420.32955799719065,98386,0
2021-05-09 14:03:49.195849,135.22411678014154,65618,0
2021-05-09 14:04:39.194957,58.608206804501584,65618,0
2021-05-09 14:05:29.194026,51.08976584031167,65618,0
2021-05-09 14:06:19.193117,41.9212820667056,65618,0
2021-05-09 14:07:09.192112,34.36648784978308,65618,0
2021-05-09 14:07:59.191212,31.195784067880297,65618,0
2021-05-09 14:08:49.190295,30.0256163103843,65618,0
2021-05-09 14:09:39.189374,30.0040304470764,65618,0
2021-05-09 14:10:29.188461,31.231685560780363,65618,0
2021-05-09 14:11:19.187550,32.3864434029241,65618,0
2021-05-09 14:12:09.186614,32.44484436389215,65618,0
2021-05-09 14:12:59.185719,34.35609769482405,65554,0
2021-05-09 14:13:49.201571,46.32800214564123,65554,0
2021-05-09 14:14:39.200655,141.56621974867537,65554,0
2021-05-09 14:15:29.199738,454.289792700446,65554,0
2021-05-09 14:16:19.198841,916.4085168460466,65554,0
2021-05-09 14:17:09.197918,1245.7693183669555,65554,0
2021-05-09 14:17:59.197004,1350.2483761116164,65554,0
2021-05-09 14:18:49.195997,1360.9450065881306,65554,0
2021-05-09 14:19:39.195218,1361.6933645696101,65554,0
2021-05-09 14:20:29.194263,1361.6848448842597,65536,0
2021-05-09 14:21:19.193324,1361.6954588689796,65536,0
2021-05-09 14:22:09.192400,1361.703929668797,65536,0
2021-05-09 14:22:59.191499,1361.7094020443835,65536,0
2021-05-09 14:23:49.190589,1361.7202515296513,65536,0
2021-05-09 14:24:39.189683,1361.7393008351444,0,1
2021-05-09 14:25:29.188744,1361.7644735230974,0,1
2021-05-09 14:26:19.187844,1361.785404761289,0,1
2021-05-09 14:27:09.186916,1361.7853902649433,0,1
2021-05-09 14:27:59.186018,1361.7640236446696,0,1
2021-05-09 14:28:49.185107,1361.7362428864003,0,1
2021-05-09 14:29:39.200866,1361.7119561710647,0,1
2021-05-09 14:30:29.199868,1361.6970457658333,0,1
2021-05-09 14:31:19.199041,1361.7000383948,0,1
2021-05-09 14:32:09.198104,1361.7256159760084,0,1
2021-05-09 14:32:59.197221,1361.7622222298085,0,1
2021-05-09 14:33:49.196290,1361.7895905298062,0,1
2021-05-09 14:34:39.195404,1361.7965671062636,0,1
2021-05-09 14:35:29.194475,1361.7822779038463,0,1
2021-05-09 14:36:19.193589,1361.7619452742956,0,1
2021-05-09 14:37:09.192660,1361.758955531752,0,1
2021-05-09 14:37:59.191756,1361.771396746874,0,1
2021-05-09 14:38:49.190830,1361.7766848287604,0,1
2021-05-09 14:39:39.189927,1361.7641638212963,0,1
2021-05-09 14:40:29.189017,1361.7400535754468,0,1
2021-05-09 14:41:19.187686,1361.7205814272847,0,1
2021-05-09 14:42:09.187191,1361.7202961918465,0,1
2021-05-09 14:42:59.186218,1361.7390524451166,0,1
2021-05-09 14:43:49.185452,1361.771083879965,0,1
2021-05-09 14:44:39.184367,1361.802070145342,0,1
2021-05-09 14:45:29.200113,1361.80504238119,0,1
2021-05-09 14:46:19.199208,1361.778581028837,0,1
2021-05-09 14:47:09.198274,1361.7507921846977,0,1
2021-05-09 14:47:59.197399,1361.7405132810384,0,1
2021-05-09 14:48:49.196475,1361.750534398519,65536,0
2021-05-09 14:49:39.195574,1361.7692710672181,65536,0
2021-05-09 14:50:29.194654,1361.775678802627,65536,0
2021-05-09 14:51:19.193745,1361.767156087341,65536,0
2021-05-09 14:52:09.192829,1361.7611304370714,65600,0
2021-05-09 14:52:59.191929,1361.8015677512637,65616,0
2021-05-09 14:53:49.191003,1356.6113905164461,65618,0
2021-05-09 14:54:39.190100,1263.0443599324117,65618,0
2021-05-09 14:55:29.189170,935.3754836971789,65618,0
2021-05-09 14:56:19.188274,456.1174832987269,65618,0
2021-05-09 14:57:09.187353,127.69454780506663,65618,0
2021-05-09 14:57:59.186464,34.757816964273516,65618,0
2021-05-09 14:58:49.185564,31.10164651882635,65618,0
2021-05-09 14:59:39.184664,34.75350775890273,65618,0
2021-05-09 15:07:09.193433,-0.014108154509389514,268533840,3
2021-05-09 15:07:59.192547,-0.014532711215211413,2416017424,2
2021-05-09 15:08:49.191656,-0.014458068707872012,2416017424,2
2021-05-09 15:09:39.190767,-0.015311545468181994,2416017424,2
2021-05-09 15:10:29.189876,-0.01661836388181196,2416017424,2
2021-05-09 15:11:19.188994,-0.01822026442681498,2416017424,2
2021-05-09 15:12:09.188102,-0.01971149001963043,2416017424,2
2021-05-09 15:12:59.187222,-0.018496141853599796,2416017424,2
2021-05-09 15:13:49.186344,-0.012271126618935818,2416017424,2
2021-05-09 15:14:39.185451,-0.004635176164939269,2416017424,2
2021-05-09 15:15:29.184584,-0.0027318524998606124,2416017424,2
2021-05-09 15:16:19.183692,-0.007086580642196602,2416017424,2
2021-05-09 15:17:09.199387,-0.012090875023669958,2416017424,2
2021-05-09 15:17:59.198500,-0.014750794598439643,2416017424,2
2021-05-09 15:18:49.197640,-0.015412666450029469,2416017424,2
2021-05-09 15:19:39.196736,-0.01492231409105205,2416017424,2
2021-05-09 15:20:29.195860,-0.013749403910332933,2416017424,2
2021-05-09 15:21:19.194963,-0.011749403465491907,2416017424,2
2021-05-09 15:22:09.194049,-0.009228104338163118,2416017424,2
2021-05-09 15:22:59.193192,-0.0069529686385062075,2416017424,2
2021-05-09 15:23:49.192085,-0.006265906055759491,2416017424,2
2021-05-09 15:24:39.191382,-0.008519291499544125,2416017424,2
2021-05-09 15:25:29.190465,-0.011986150304348285,2416017424,2
2021-05-09 15:26:19.189570,-0.012725778765018026,268533776,2
2021-05-09 15:27:09.188664,-0.0080346946705111,268533840,3
2021-05-09 15:27:59.187771,0.04115990909991203,268533840,3
2021-05-09 15:28:49.186685,0.21797527650163176,268533840,3
2021-05-09 15:36:19.195485,285.03638144696043,98386,0
2021-05-09 15:37:09.194576,106.23745300284979,65618,0
2021-05-09 15:37:59.193660,71.79804243796181,65618,0
2021-05-09 15:38:49.192731,73.17878877907796,65618,0
2021-05-09 15:39:39.191818,66.63030112948701,65618,0
2021-05-09 15:40:29.190899,55.52254352256822,65618,0
2021-05-09 15:41:19.190023,43.317649664508444,65618,0
2021-05-09 15:42:09.189095,38.57801737686087,65618,0
2021-05-09 15:42:59.188184,43.535648469819066,65618,0
2021-05-09 15:43:49.187281,46.093199715744156,65618,0
2021-05-09 15:44:39.186358,40.23481525738783,65618,0
2021-05-09 15:45:29.185456,33.46918662028569,65554,0
2021-05-09 15:46:19.184557,30.758004072624008,65554,0
2021-05-09 15:47:09.183638,34.94107872977316,65554,0
2021-05-09 15:47:59.199395,127.11160812357566,65554,0
2021-05-09 15:48:49.198510,453.53949493278105,65554,0
2021-05-09 15:49:39.197589,932.6445239979496,65554,0
2021-05-09 15:50:29.196595,1262.1876290190594,65554,0
2021-05-09 15:51:19.195779,1356.7494551324671,65554,0
2021-05-09 15:52:09.194861,1361.8595836521342,65554,0
2021-05-09 15:52:59.193940,1361.7383915849355,65552,0
2021-05-09 15:53:49.193027,1361.7463877294492,65536,0
2021-05-09 15:54:39.192093,1361.7744057576888,65536,0
2021-05-09 15:55:29.191156,1361.7989811193238,65536,0
2021-05-09 15:56:19.190269,1361.8058548680049,65536,0
2021-05-09 15:57:09.189333,1361.7907827821684,65536,0
2021-05-09 15:57:59.188437,1361.7665047325,0,1
2021-05-09 15:58:49.187542,1361.7583419945588,0,1
2021-05-09 15:59:39.186616,1361.7691641818856,0,1
2021-05-09 16:00:29.185504,1361.7778572971797,0,1
2021-05-09 16:01:19.184783,1361.7782398853988,0,1
2021-05-09 16:02:09.183868,1361.78344072024,0,1
2021-05-09 16:02:59.199550,1361.790777827273,0,1
2021-05-09 16:03:49.198634,1361.7792128096569,0,1
2021-05-09 16:04:39.197737,1361.749250185873,0,1
2021-05-09 16:05:29.196816,1361.725579627457,0,1
2021-05-09 16:06:19.195917,1361.72180297745,0,1
2021-05-09 16:07:09.195002,1361.7350005835124,0,1
2021-05-09 16:07:59.194103,1361.7530707520646,0,1
2021-05-09 16:08:49.193189,1361.760793828624,0,1
2021-05-09 16:09:39.192273,1361.7558476431739,0,1
2021-05-09 16:10:29.191364,1361.7453334779357,0,1
2021-05-09 16:11:19.190449,1361.7333078001132,0,1
2021-05-09 16:12:09.189540,1361.7219565550733,0,1
2021-05-09 16:12:59.188639,1361.715674373949,0,1
2021-05-09 16:13:49.187722,1361.7195359356401,0,1
2021-05-09 16:14:39.186811,1361.725979550486,0,1
2021-05-09 16:15:29.185914,1361.7183132414857,0,1
2021-05-09 16:16:19.185002,1361.702983107122,0,1
2021-05-09 16:17:09.183849,1361.7053952636822,0,1
2021-05-09 16:17:59.182780,1361.7298327545966,0,1
2021-05-09 16:18:49.182088,1361.7609913888969,0,1
2021-05-09 16:19:39.198094,1361.7886027543295,0,1
2021-05-09 16:20:29.197185,1361.80716530491,0,1
2021-05-09 16:21:19.196259,1361.812162059546,65536,0
2021-05-09 16:22:09.195339,1361.8016582279497,65536,0
2021-05-09 16:22:59.194432,1361.78075468081,65536,0
2021-05-09 16:23:49.193544,1361.7610555321594,65536,0
2021-05-09 16:24:39.192650,1361.75650219949,65600,0
2021-05-09 16:25:29.191731,1361.7863737913187,65600,0
2021-05-09 16:26:19.190811,1361.9844569724992,65616,0
2021-05-09 16:27:09.189918,1357.29480433496,65618,0
2021-05-09 16:27:59.189021,1264.7031943425861,65618,0
2021-05-09 16:28:49.188102,938.2796982717434,65618,0
2021-05-09 16:29:39.187199,459.7533794372029,65618,0
2021-05-09 16:30:29.186299,130.69670815283501,65618,0
2021-05-09 16:31:19.185400,36.48327771737499,65618,0
2021-05-09 16:32:09.184236,32.4506085227601,65618,0
2021-05-09 16:32:59.183325,33.78069707114978,65618,0
2021-05-09 16:40:29.192257,-0.008360851736403597,268533776,2
2021-05-09 16:41:19.191377,-0.012885114344201629,2416017424,2
2021-05-09 16:42:09.190488,-0.014174419560532697,2416017424,2
2021-05-09 16:42:59.189614,-0.012981899975032522,2416017424,2
2021-05-09 16:43:49.188719,-0.012293972425889544,2416017424,2
2021-05-09 16:44:39.187843,-0.013201267551411523,2416017424,2
2021-05-09 16:45:29.186950,-0.015171832339385695,2416017424,2
2021-05-09 16:46:19.186069,-0.017628874687381037,2416017424,2
2021-05-09 16:47:09.184922,-0.019557232043987086,2416017424,2
2021-05-09 16:47:59.183980,-0.019311461861869685,2416017424,2
2021-05-09 16:48:49.183281,-0.01724444415734431,2416017424,2
2021-05-09 16:49:39.182346,-0.015584224714468426,2416017424,2
2021-05-09 16:50:29.198132,-0.014582475774604373,2416017424,2
2021-05-09 16:51:19.197257,-0.014705821584666913,2416017424,2
2021-05-09 16:52:09.196367,-0.018038640134134566,2416017424,2
2021-05-09 16:52:59.195466,-0.022378793878407712,2416017424,2
2021-05-09 16:53:49.194587,-0.022567640761007833,2416017424,2
2021-05-09 16:54:39.193695,-0.017268298569624987,2416017424,2
2021-05-09 16:55:29.192798,-0.010051684120114325,2416017424,2
2021-05-09 16:56:19.191889,-0.0064417877123591405,2416017424,2
2021-05-09 16:57:09.190988,-0.008374620306118399,2416017424,2
2021-05-09 16:57:59.190092,-0.01261261922235505,2416017424,2
2021-05-09 16:58:49.189203,-0.015300911106123175,2416017424,2
2021-05-09 16:59:39.188301,-0.01449422057896024,268533840,3
2021-05-09 17:00:29.187270,-0.007518335460612018,268533840,3
2021-05-09 17:01:19.186285,0.051058333415143015,268533840,3
2021-05-09 17:08:49.194915,348.4267606879859,98386,0
2021-05-09 17:09:39.194004,133.01058406933333,98386,0
2021-05-09 17:10:29.193083,62.888054850985355,65618,0
2021-05-09 17:11:19.192178,63.243612116036964,65618,0
2021-05-09 17:12:09.191172,71.27461331593841,65618,0
2021-05-09 17:12:59.190477,67.84180776664773,65618,0
2021-05-09 17:13:49.189369,55.659709222491436,65618,0
2021-05-09 17:14:39.188467,44.97141658421797,65618,0
2021-05-09 17:15:29.187551,52.425669623549744,65618,0
2021-05-09 17:16:19.186613,71.73678884984392,65618,0
2021-05-09 17:17:09.185685,73.94585423752696,65618,0
2021-05-09 17:17:59.184595,54.91283526668496,65618,0
2021-05-09 17:18:49.183842,39.738766595234196,65554,0
2021-05-09 17:19:39.182927,38.176448618102086,65554,0
2021-05-09 17:20:29.181824,42.97848214836698,65554,0
2021-05-09 17:21:19.197921,130.6982469649734,65554,0
2021-05-09 17:22:09.196985,452.8341590879782,65554,0
2021-05-09 17:22:59.196087,931.0663979096179,65554,0
2021-05-09 17:23:49.195162,1261.2579284450983,65554,0
2021-05-09 17:24:39.194022,1356.3689323192445,65554,0
2021-05-09 17:25:29.193088,1361.7571844263587,65554,0
2021-05-09 17:26:19.192251,1361.7088481120022,65536,0
2021-05-09 17:27:09.191296,1361.7005491593636,65536,0
2021-05-09 17:27:59.190389,1361.6941106197057,65536,0
2021-05-09 17:28:49.189461,1361.6988701105802,65536,0
2021-05-09 17:29:39.188557,1361.712855844343,65536,0
2021-05-09 17:30:29.187639,1361.7203047999903,65536,0
2021-05-09 17:31:19.186711,1361.713119940111,0,1
2021-05-09 17:32:09.185784,1361.696223252331,0,1
2021-05-09 17:32:59.184875,1361.6805849083682,0,1
2021-05-09 17:33:49.183943,1361.6758615009696,0,1
2021-05-09 17:34:39.183049,1361.6807733646656,0,1
2021-05-09 17:35:29.182140,1361.688681716145,0,1
2021-05-09 17:36:19.181231,1361.6973012249896,0,1
2021-05-09 17:37:09.196995,1361.705681324521,0,1
2021-05-09 17:37:59.196101,1361.7124266780309,0,1
2021-05-09 17:38:49.195291,1361.719353588946,0,1
2021-05-09 17:39:39.194337,1361.7308166623802,0,1
2021-05-09 17:40:29.193409,1361.7477523606315,0,1
2021-05-09 17:41:19.192516,1361.7615287643796,0,1
2021-05-09 17:42:09.191586,1361.760063038638,0,1
2021-05-09 17:42:59.190682,1361.7437205907302,0,1
2021-05-09 17:43:49.189774,1361.7228806406758,0,1
2021-05-09 17:44:39.188855,1361.7069999728599,0,1
2021-05-09 17:45:29.187936,1361.7032917571478,0,1
2021-05-09 17:46:19.187030,1361.7067633754564,0,1
2021-05-09 17:47:09.186117,1361.7025653988535,0,1
2021-05-09 17:47:59.185109,1361.693068992059,0,1
2021-05-09 17:48:49.184187,1361.696592200926,0,1
2021-05-09 17:49:39.182818,1361.714471704099,0,1
2021-05-09 17:50:29.181975,1361.7299637467806,0,1
2021-05-09 17:51:19.181450,1361.7343869765673,0,1
2021-05-09 17:52:09.180660,1361.7295276002603,0,1
2021-05-09 17:52:59.196453,1361.7199261010671,0,1
2021-05-09 17:53:49.195495,1361.711743245403,0,1
2021-05-09 17:54:39.194598,1361.7100521121415,65536,0
2021-05-09 17:55:29.193690,1361.7188894853948,65536,0
2021-05-09 17:56:19.192792,1361.73797176316,65536,0
2021-05-09 17:57:09.191866,1361.7613183631101,65536,0
2021-05-09 17:57:59.190969,1361.781315467511,65600,0
2021-05-09 17:58:49.190057,1361.6334625513905,65616,0
2021-05-09 17:59:39.189138,1345.4892601619756,65618,0
2021-05-09 18:00:29.188232,1261.9330730569377,65618,0
2021-05-09 18:01:19.187340,1041.0425719251905,65618,0
2021-05-09 18:02:09.186428,673.3768912320656,65618,0
2021-05-09 18:02:59.185544,297.3743192233822,65618,0
2021-05-09 18:03:49.184638,85.17405750993355,65618,0
2021-05-09 18:04:39.183715,33.085362455163406,65618,0
2021-05-09 18:05:29.182842,31.744559326469243,65618,0
2021-05-09 18:06:19.181952,31.51781422003454,65618,0
2021-05-09 18:13:49.190509,-0.0091734909372949,2416017424,2
2021-05-09 18:14:39.189650,-0.0038620458413764235,2416017424,2
2021-05-09 18:15:29.188825,-0.004388270929633082,2416017424,2
2021-05-09 18:16:19.187881,-0.009038215527770701,2416017424,2
2021-05-09 18:17:09.186992,-0.011157591239741319,2416017424,2
2021-05-09 18:17:59.186124,-0.010418336760307664,2416017424,2
2021-05-09 18:18:49.184893,-0.009790716324404616,2416017424,2
2021-05-09 18:19:39.184441,-0.01021240466296992,2416017424,2
2021-05-09 18:20:29.183144,-0.011086172338576844,2416017424,2
2021-05-09 18:21:19.182654,-0.011936639515731675,2416017424,2
2021-05-09 18:22:09.181764,-0.013840425089818172,2416017424,2
2021-05-09 18:22:59.180898,-0.017051727931128562,2416017424,2
2021-05-09 18:23:49.179993,-0.0199324571297183,2416017424,2
2021-05-09 18:24:39.195617,-0.02109198681657206,2416017424,2
2021-05-09 18:25:29.194724,-0.019565934244979443,2416017424,2
2021-05-09 18:26:19.193833,-0.016520837634173693,2416017424,2
2021-05-09 18:27:09.192933,-0.014780347355134246,2416017424,2
2021-05-09 18:27:59.192045,-0.014150200099153567,2416017424,2
2021-05-09 18:28:49.191113,-0.01391950904548763,2416017424,2
2021-05-09 18:29:39.190235,-0.015509378396114196,2416017424,2
2021-05-09 18:30:29.189320,-0.017185564939036866,2416017424,2
2021-05-09 18:31:19.188445,-0.014393347002276503,2416017424,2
2021-05-09 18:32:09.187536,-0.006962876761801385,268533776,2
2021-05-09 18:32:59.186637,-0.0007931511557563828,268533840,3
2021-05-09 18:33:49.185708,0.002033016140284668,268533840,3
2021-05-09 18:34:39.184410,0.03942799651364579,268533840,3
2021-05-09 18:42:09.193145,162.14559412896224,98386,0
2021-05-09 18:42:59.192370,47.12537459175983,98386,0
2021-05-09 18:43:49.191299,33.051900804795075,65618,0
2021-05-09 18:44:39.190385,33.385466407610856,65618,0
2021-05-09 18:45:29.189184,33.81736386541305,65618,0
2021-05-09 18:46:19.188586,32.79454718744102,65618,0
2021-05-09 18:47:09.187669,31.493317306364347,65618,0
2021-05-09 18:47:59.187015,35.61236693980777,65618,0
2021-05-09 18:48:49.185946,53.63305434213499,65618,0
2021-05-09 18:49:39.185039,75.24174752486823,65618,0
2021-05-09 18:50:29.184278,74.96835955494497,65618,0
2021-05-09 18:51:19.182798,58.41780052635788,65554,0
2021-05-09 18:52:09.182313,60.37410632723471,65554,0
2021-05-09 18:52:59.181142,80.95181176059214,65554,0
2021-05-09 18:53:49.180499,86.90934156326536,65554,0
2021-05-09 18:54:39.179611,153.18076211595027,65554,0
2021-05-09 18:55:29.195439,456.81284566884835,65554,0
2021-05-09 18:56:19.194520,930.1571457713881,65554,0
2021-05-09 18:57:09.193612,1260.7462453483042,65554,0
2021-05-09 18:57:59.192753,1356.2430497602436,65554,0
2021-05-09 18:58:49.191834,1361.7673099056556,65554,0
2021-05-09 18:59:39.190988,1361.7419320376086,65536,0
2021-05-09 19:00:29.190063,1361.7431604019137,65536,0
2021-05-09 19:01:19.189138,1361.7677115334782,65536,0
2021-05-09 19:02:09.187844,1361.808402645274,65536,0
2021-05-09 19:02:59.186950,1361.8433470869609,65536,0
2021-05-09 19:03:49.186402,1361.847332618802,0,1
2021-05-09 19:04:39.185482,1361.820814343293,0,1
2021-05-09 19:05:29.184562,1361.78426448756,0,1
2021-05-09 19:06:19.183651,1361.7556350829393,0,1
2021-05-09 19:07:09.182730,1361.7474109802913,0,1
2021-05-09 19:07:59.181818,1361.7562736480477,0,1
2021-05-09 19:08:49.180913,1361.7664738698422,0,1
2021-05-09 19:09:39.179742,1361.7663008921907,0,1
2021-05-09 19:10:29.179078,1361.7486876252121,0,1
2021-05-09 19:11:19.194788,1361.7223638169653,0,1
2021-05-09 19:12:09.193394,1361.7113657202603,0,1
2021-05-09 19:12:59.192928,1361.7185296364942,0,1
2021-05-09 19:13:49.192179,1361.7224106988222,0,1
2021-05-09 19:14:39.191096,1361.7133039743935,0,1
2021-05-09 19:15:29.190189,1361.6988782396206,0,1
2021-05-09 19:16:19.189453,1361.6843279758523,0,1
2021-05-09 19:17:09.188375,1361.6674092145574,0,1
2021-05-09 19:17:59.187474,1361.653313491948,0,1
2021-05-09 19:18:49.186295,1361.6587042422118,0,1
2021-05-09 19:19:39.185656,1361.6868105380163,0,1
2021-05-09 19:20:29.184335,1361.7205599810088,0,1
2021-05-09 19:21:19.183988,1361.7433241648055,0,1
2021-05-09 19:22:09.182858,1361.7486899189582,0,1
2021-05-09 19:22:59.181949,1361.7447808074398,0,1
2021-05-09 19:23:49.181200,1361.746501375888,0,1
2021-05-09 19:24:39.180144,1361.749942013355,0,1
2021-05-09 19:25:29.179227,1361.7378511060276,0,1
2021-05-09 19:26:19.178492,1361.7161665943743,0,1
2021-05-09 19:27:09.193899,1361.7077771630024,0,1
2021-05-09 19:27:59.193385,1361.7117880122005,65536,0
2021-05-09 19:28:49.192052,1361.7099358522657,65536,0
2021-05-09 19:29:39.191585,1361.703560108403,65536,0
2021-05-09 19:30:29.190652,1361.7103038970877,65536,0
2021-05-09 19:31:19.189766,1361.741861600435,65600,0
2021-05-09 19:32:09.188866,1357.487602944844,65616,0
2021-05-09 19:32:59.187951,1272.5431736416263,65618,0
2021-05-09 19:33:49.187040,965.7483854603921,65618,0
2021-05-09 19:34:39.185739,501.35356716572824,65618,0
2021-05-09 19:35:29.185235,162.25249049068853,65618,0
2021-05-09 19:36:19.184343,47.682209398043334,65618,0
2021-05-09 19:37:09.182999,32.63883156775964,65618,0
2021-05-09 19:37:59.182518,32.07109833587913,65618,0
2021-05-09 19:38:49.181617,35.168952684143875,65618,0
2021-05-09 19:46:19.189723,-0.01654117086166734,268533840,3
2021-05-09 19:47:09.189340,-0.01517563060080082,2416017424,2
2021-05-09 19:47:59.188099,-0.009739893455553863,2416017424,2
2021-05-09 19:48:49.186789,-0.005565723772044094,2416017424,2
2021-05-09 19:49:39.186756,-0.006849075871624135,2416017424,2
2021-05-09 19:50:29.185426,-0.011516269842998928,2416017424,2
2021-05-09 19:51:19.184115,-0.014058647252638053,2416017424,2
2021-05-09 19:52:09.184098,-0.013147838077572157,2416017424,2
2021-05-09 19:52:59.182776,-0.013077492137718881,2416017424,2
2021-05-09 19:53:49.181887,-0.015681268622973546,2416017424,2
2021-05-09 19:54:39.181440,-0.017108237926912136,2416017424,2
2021-05-09 19:55:29.180116,-0.014571980206967922,2416017424,2
2021-05-09 19:56:19.179229,-0.011445032703963498,2416017424,2
2021-05-09 19:57:09.178804,-0.011524342655915664,2416017424,2
2021-05-09 19:57:59.177464,-0.01263596319947019,2416017424,2
2021-05-09 19:58:49.193094,-0.012279991685046409,2416017424,2
2021-05-09 19:59:39.192214,-0.012010168483987721,2416017424,2
2021-05-09 20:00:29.191675,-0.01275099710413393,2416017424,2
2021-05-09 20:01:19.190760,-0.014034500817983237,2416017424,2
2021-05-09 20:02:09.189878,-0.015585920260662503,2416017424,2
2021-05-09 20:02:59.188992,-0.015853966927982983,2416017424,2
2021-05-09 20:03:49.188082,-0.014321145105405856,2416017424,2
2021-05-09 20:04:39.187189,-0.012868627183468635,2416017424,2
2021-05-09 20:05:29.186278,-0.011692654964835701,268533840,3
2021-05-09 20:06:19.185010,-0.005983753326593376,268533840,3
2021-05-09 20:07:09.184452,0.01690581900323879,268533840,3
2021-05-09 20:14:39.193088,462.4624960870469,98386,0
2021-05-09 20:15:29.192179,135.45721894326027,98386,0
2021-05-09 20:16:19.191275,38.83764789771101,65618,0
2021-05-09 20:17:09.190349,31.521639188681075,65618,0
2021-05-09 20:17:59.189032,30.726006448495564,65618,0
2021-05-09 20:18:49.188537,30.15384744164488,65618,0
2021-05-09 20:19:39.187633,29.519763362401903,65618,0
2021-05-09 20:20:29.186713,29.4056495453511,65618,0
2021-05-09 20:21:19.185834,33.34237293207741,65618,0
2021-05-09 20:22:09.184916,45.73049774321702,65618,0
2021-05-09 20:22:59.184017,58.496690618484976,65618,0
2021-05-09 20:23:49.183104,56.826742532101676,65618,0
2021-05-09 20:24:39.182193,50.24642610550643,65554,0
2021-05-09 20:25:29.181280,63.61194391017252,65554,0
2021-05-09 20:26:19.180392,88.7521734487157,65554,0
2021-05-09 20:27:09.179475,104.76534766797086,65554,0
2021-05-09 20:27:59.178571,197.94744958860585,65554,0
2021-05-09 20:28:49.177655,517.5775875776422,65554,0
2021-05-09 20:29:39.193359,971.7399794559443,65554,0
2021-05-09 20:30:29.192446,1273.8944765081903,65554,0
2021-05-09 20:31:19.191540,1357.529665960031,65554,0
2021-05-09 20:32:09.190620,1361.6916626487823,65552,0
2021-05-09 20:32:59.189876,1361.6555522161775,65536,0
2021-05-09 20:33:49.188882,1361.6312590244177,65536,0
2021-05-09 20:34:39.188045,1361.6221446745406,65536,0
2021-05-09 20:35:29.187064,1361.6213937166542,65536,0
2021-05-09 20:36:19.186234,1361.6250831260236,65536,0
2021-05-09 20:37:09.185314,1361.6407187934342,0,1
2021-05-09 20:37:59.184400,1361.6713632843512,0,1
2021-05-09 20:38:49.183503,1361.707014839938,0,1
2021-05-09 20:39:39.182588,1361.7384061817368,0,1
2021-05-09 20:40:29.181681,1361.7627856982435,0,1
2021-05-09 20:41:19.180772,1361.7785883329673,0,1
2021-05-09 20:42:09.179855,1361.78522193397,0,1
2021-05-09 20:42:59.178867,1361.7856220050537,0,1
2021-05-09 20:43:49.177955,1361.7839350748507,0,1
2021-05-09 20:44:39.177136,1361.7823591612728,0,1
2021-05-09 20:45:29.192722,1361.7816014184416,0,1
2021-05-09 20:46:19.191975,1361.7828534299686,0,1
2021-05-09 20:47:09.191079,1361.7895675679445,0,1
2021-05-09 20:47:59.190183,1361.799944695358,0,1
2021-05-09 20:48:49.189272,1361.804578936872,0,1
2021-05-09 20:49:39.188348,1361.8003538866628,0,1
2021-05-09 20:50:29.187455,1361.792809502105,0,1
2021-05-09 20:51:19.186459,1361.7843005018394,0,1
2021-05-09 20:52:09.185555,1361.77074932366,0,1
2021-05-09 20:52:59.184732,1361.752304512928,0,1
2021-05-09 20:53:49.183829,1361.7383839787235,0,1
2021-05-09 20:54:39.182910,1361.732550401455,0,1
2021-05-09 20:55:29.182006,1361.7260309575627,0,1
2021-05-09 20:56:19.181101,1361.7140406996014,0,1
2021-05-09 20:57:09.180194,1361.7029499607534,0,1
2021-05-09 20:57:59.179292,1361.6975751860025,0,1
2021-05-09 20:58:49.178378,1361.6944922760827,0,1
2021-05-09 20:59:39.177453,1361.6971918915121,0,1
2021-05-09 21:00:29.176533,1361.7205224907914,65536,0
2021-05-09 21:01:19.175649,1361.7628490900581,65536,0
2021-05-09 21:02:09.191386,1361.805480171517,65536,0
2021-05-09 21:02:59.190474,1361.8360445476721,65536,0
2021-05-09 21:03:49.189562,1361.8531410406983,65600,0
2021-05-09 21:04:39.188684,1361.8865933418335,65616,0
2021-05-09 21:05:29.187777,1356.6477970461483,65618,0
2021-05-09 21:06:19.186875,1262.978015276898,65618,0
2021-05-09 21:07:09.185966,935.1567762537761,65618,0
2021-05-09 21:07:59.185055,455.77509867337545,65618,0
2021-05-09 21:08:49.184155,127.37606739957894,65618,0
2021-05-09 21:09:39.183177,34.57040540157356,65618,0
2021-05-09 21:10:29.182353,30.8454681354217,65618,0
2021-05-09 21:11:19.181380,34.61208695510692,65618,0
2021-05-09 21:12:09.180560,46.16065369268544,65618,0
2021-05-09 21:19:39.189177,-0.01423650267465716,268533776,2
2021-05-09 21:20:29.188285,-0.012920171851945201,2416017424,2
2021-05-09 21:21:19.187391,-0.01020594562733825,2416017424,2
2021-05-09 21:22:09.186525,-0.007484117468833339,2416017424,2
2021-05-09 21:22:59.185626,-0.005928064474425433,2416017424,2
2021-05-09 21:23:49.184636,-0.007543607491405095,2416017424,2
2021-05-09 21:24:39.183837,-0.011191662625123779,2416017424,2
2021-05-09 21:25:29.182862,-0.013214911655402688,2416017424,2
2021-05-09 21:26:19.182059,-0.013531297943325813,2416017424,2
2021-05-09 21:27:09.181174,-0.013737703677169553,2416017424,2
2021-05-09 21:27:59.180287,-0.012892492975026655,2416017424,2
2021-05-09 21:28:49.179409,-0.011937394461576,2416017424,2
2021-05-09 21:29:39.178511,-0.012848638680682489,2416017424,2
2021-05-09 21:30:29.177610,-0.012828589193515977,2416017424,2
2021-05-09 21:31:19.176730,-0.009233132833181414,2416017424,2
2021-05-09 21:32:09.175836,-0.005482717729174032,2416017424,2
2021-05-09 21:32:59.191520,-0.005944479298355144,2416017424,2
2021-05-09 21:33:49.190698,-0.009369206371980542,2416017424,2
2021-05-09 21:34:39.189801,-0.010636627359553785,2416017424,2
2021-05-09 21:35:29.188922,-0.008741917506956187,2416017424,2
2021-05-09 21:36:19.188028,-0.007501058853748817,2416017424,2
2021-05-09 21:37:09.187118,-0.0077082462286140845,2416017424,2
2021-05-09 21:37:59.186217,-0.008128394642790089,2416017424,2
2021-05-09 21:38:49.185313,-0.008145628816951321,268533840,3
2021-05-09 21:39:39.184415,0.028675568295721206,268533840,3
2021-05-09 21:40:29.183500,0.1767091793784406,268533840,3
2021-05-09 21:47:59.175254,496.7125772705399,98386,0
2021-05-09 21:48:49.190902,174.05473764815162,98386,0
2021-05-09 21:49:39.190008,70.92423824650389,65618,0
2021-05-09 21:50:29.189077,53.31970989445525,65618,0
2021-05-09 21:51:19.188165,41.659722382649456,65618,0
2021-05-09 21:52:09.187245,33.29306204075906,65618,0
2021-05-09 21:52:59.186349,29.85362253578047,65618,0
2021-05-09 21:53:49.185430,29.168567496133708,65618,0
2021-05-09 21:54:39.184530,30.42782036895095,65618,0
2021-05-09 21:55:29.183693,34.0953542119056,65618,0
2021-05-09 21:56:19.182870,37.358397594780826,65618,0
2021-05-09 21:57:09.181870,36.664858737104225,65618,0
2021-05-09 21:57:59.181053,35.20222338303821,65554,0
2021-05-09 21:58:49.180142,38.864428620052564,65554,0
2021-05-09 21:59:39.179159,71.52302420054485,65554,0
2021-05-09 22:00:29.178339,202.4857382988792,65554,0
2021-05-09 22:01:19.177322,483.88656603903274,65554,0
2021-05-09 22:02:09.176344,855.6840062055905,65554,0
2021-05-09 22:02:59.175577,1169.6077315193595,65554,0
2021-05-09 22:03:49.191245,1325.7586692513987,65554,0
2021-05-09 22:04:39.190346,1361.0190242384494,65554,0
2021-05-09 22:05:29.189440,1361.7795235859035,65552,0
2021-05-09 22:06:19.188539,1361.776178011651,65536,0
2021-05-09 22:07:09.187604,1361.7631824083637,65536,0
2021-05-09 22:07:59.186724,1361.744668031554,65536,0
2021-05-09 22:08:49.185793,1361.7391730231993,65536,0
2021-05-09 22:09:39.184898,1361.747908852162,0,1
2021-05-09 22:10:29.183977,1361.7552238029393,0,1
2021-05-09 22:11:19.183064,1361.7458676480583,0,1
2021-05-09 22:12:09.182153,1361.711257120534,0,1
2021-05-09 22:12:59.181242,1361.6683514534845,0,1
2021-05-09 22:13:49.180323,1361.6507304352106,0,1
2021-05-09 22:14:39.179293,1361.66374154511,0,1
2021-05-09 22:15:29.178415,1361.6902046570258,0,1
2021-05-09 22:16:19.177500,1361.7159158157897,0,1
2021-05-09 22:17:09.176589,1361.7275893444507,0,1
2021-05-09 22:17:59.175708,1361.7253883957876,0,1
2021-05-09 22:18:49.174810,1361.7241038902532,0,1
2021-05-09 22:19:39.190746,1361.7278490890403,0,1
2021-05-09 22:20:29.189829,1361.729755115424,0,1
2021-05-09 22:21:19.188928,1361.726418807988,0,1
2021-05-09 22:22:09.188018,1361.7183452737663,0,1
2021-05-09 22:22:59.187106,1361.711743247669,0,1
2021-05-09 22:23:49.186202,1361.7174097372767,0,1
2021-05-09 22:24:39.185290,1361.7374827522926,0,1
2021-05-09 22:25:29.184382,1361.763192297511,0,1
2021-05-09 22:26:19.183484,1361.7815406876189,0,1
2021-05-09 22:27:09.182555,1361.782650032965,0,1
2021-05-09 22:27:59.181461,1361.7736275922068,0,1
2021-05-09 22:28:49.180573,1361.771871666224,0,1
2021-05-09 22:29:39.179726,1361.7796914474304,0,1
2021-05-09 22:30:29.178893,1361.7848061235686,0,1
2021-05-09 22:31:19.177972,1361.776038499551,0,1
2021-05-09 22:32:09.177053,1361.748122987673,0,1
2021-05-09 22:32:59.176150,1361.7109388207818,0,1
2021-05-09 22:33:49.175240,1361.6854581776379,65536,0
2021-05-09 22:34:39.174283,1361.6805595305098,65536,0
2021-05-09 22:35:29.173426,1361.6898044885452,65536,0
2021-05-09 22:36:19.188979,1361.7070765990034,65536,0
2021-05-09 22:37:09.188058,1361.735913505567,65600,0
2021-05-09 22:37:59.187167,1361.8799619837207,65616,0
2021-05-09 22:38:49.186235,1357.0272729022208,65618,0
2021-05-09 22:39:39.185337,1264.1984930854633,65618,0
2021-05-09 22:40:29.184439,937.6429637653985,65618,0
2021-05-09 22:41:19.183528,459.198703885393,65618,0
2021-05-09 22:42:09.182646,130.34632430717835,65618,0
2021-05-09 22:42:59.181586,36.066572117303075,65618,0
2021-05-09 22:43:49.180787,31.363821157181356,65618,0
2021-05-09 22:44:39.179901,33.982319835678446,65618,0
2021-05-09 22:45:29.178990,40.00174280605858,65618,0
2021-05-09 22:52:59.187971,-0.01592483096295519,2416017424,2
2021-05-09 22:53:49.187004,-0.015057585631028958,2416017424,2
2021-05-09 22:54:39.186126,-0.014805939334869322,2416017424,2
2021-05-09 22:55:29.185307,-0.016155532598906678,2416017424,2
2021-05-09 22:56:19.184374,-0.016298304408652882,2416017424,2
2021-05-09 22:57:09.183476,-0.013384633160655376,2416017424,2
2021-05-09 22:57:59.182474,-0.01053647521019539,2416017424,2
2021-05-09 22:58:49.181680,-0.012129285898977384,2416017424,2
2021-05-09 22:59:39.180760,-0.017596128980358748,2416017424,2
2021-05-09 23:00:29.179968,-0.022393764604972232,2416017424,2
2021-05-09 23:01:19.179011,-0.023923044519203407,2416017424,2
2021-05-09 23:02:09.178117,-0.023843460644873922,2416017424,2
2021-05-09 23:02:59.177297,-0.022744959286769888,2416017424,2
2021-05-09 23:03:49.176329,-0.019053613361052678,2416017424,2
2021-05-09 23:04:39.175393,-0.014290625734740615,2416017424,2
2021-05-09 23:05:29.174609,-0.01083582256657969,2416017424,2
2021-05-09 23:06:19.173649,-0.009028993392734339,2416017424,2
2021-05-09 23:07:09.189309,-0.00982444291185334,2416017424,2
2021-05-09 23:07:59.188398,-0.012897216302237356,2416017424,2
2021-05-09 23:08:49.187502,-0.014068588867501867,2416017424,2
2021-05-09 23:09:39.186502,-0.010694480945817784,2416017424,2
2021-05-09 23:10:29.185704,-0.006502443623132472,2416017424,2
2021-05-09 23:11:19.184645,-0.005566764029345347,268533776,2
2021-05-09 23:12:09.183853,-0.002823428315404525,268533840,3
2021-05-09 23:12:59.182952,0.05980347009250901,268533840,3
2021-05-09 23:20:29.174877,938.0974493112326,98386,0
2021-05-09 23:21:19.173970,475.3412877093152,98386,0
2021-05-09 23:22:09.173064,150.34630084439337,98386,0
2021-05-09 23:22:59.188775,56.79592583728419,65618,0
2021-05-09 23:23:49.187774,52.433542855130405,65618,0
2021-05-09 23:24:39.186912,54.36550379365032,65618,0
2021-05-09 23:25:29.185997,51.650118163935204,65618,0
2021-05-09 23:26:19.185108,42.17083014807628,65618,0
2021-05-09 23:27:09.184188,36.39992561661115,65618,0
2021-05-09 23:27:59.183283,39.34579193442078,65618,0
2021-05-09 23:28:49.182373,41.6866592752729,65618,0
2021-05-09 23:29:39.181479,37.909786612718705,65618,0
2021-05-09 23:30:29.180735,33.25017527539462,65554,0
2021-05-09 23:31:19.179663,31.66208752012653,65554,0
2021-05-09 23:32:09.178751,34.67943973522085,65554,0
2021-05-09 23:32:59.177855,109.28518562262121,65554,0
2021-05-09 23:33:49.176936,390.1007640802218,65554,0
2021-05-09 23:34:39.176025,833.4042500566254,65554,0
2021-05-09 23:35:29.175120,1182.9049656045097,65554,0
2021-05-09 23:36:19.174274,1325.3936396650306,65554,0
2021-05-09 23:37:09.173348,1357.077776172275,65554,0
2021-05-09 23:37:59.189056,1361.7613704406353,65554,0
2021-05-09 23:38:49.188175,1361.7612700964387,65536,0
2021-05-09 23:39:39.187240,1361.7639644602607,65536,0
2021-05-09 23:40:29.186384,1361.773487580112,65536,0
2021-05-09 23:41:19.185469,1361.7936102333488,65536,0
2021-05-09 23:42:09.184580,1361.818058084112,65536,0
2021-05-09 23:42:59.183694,1361.8338332418718,0,1
2021-05-09 23:43:49.182801,1361.8316779019342,0,1
2021-05-09 23:44:39.181888,1361.8143902735237,0,1
2021-05-09 23:45:29.180923,1361.793425288554,0,1
2021-05-09 23:46:19.180068,1361.7781887449498,0,1
2021-05-09 23:47:09.179160,1361.7747936606215,0,1
2021-05-09 23:47:59.178256,1361.7819301854968,0,1
2021-05-09 23:48:49.177344,1361.792567394874,0,1
2021-05-09 23:49:39.176442,1361.8004964780646,0,1
2021-05-09 23:50:29.175525,1361.7990145741076,0,1
2021-05-09 23:51:19.174615,1361.7896259280951,0,1
2021-05-09 23:52:09.173697,1361.7856459610055,0,1
2021-05-09 23:52:59.172806,1361.797337529763,0,1
2021-05-09 23:53:49.171894,1361.8241975803792,0,1
2021-05-09 23:54:39.170974,1361.8490021785656,0,1
2021-05-09 23:55:29.170066,1361.844723872931,0,1
2021-05-09 23:56:19.169152,1361.808885858172,0,1
2021-05-09 23:57:09.168254,1361.7658032323293,0,1
2021-05-09 23:57:59.167349,1361.7346983350294,0,1
2021-05-09 23:58:49.166441,1361.719068886549,0,1
2021-05-09 23:59:39.165535,1361.706353340846,0,1
